dataset,model_type,model,lag,ME,RMSE,MAE,MPE,MAPE
beige_0..1000,Multivariate Amzn Twttr,"VECM, lag=1",1,5.651647303536336,34.388459518287576,29.20144919853601,1.195717316587642,9.073199015471054
beige_0..1000,Univariate Amazon,"LINEAR, lag=1",1,8.005105667332586,28.330574844778894,22.91118630719582,1.9003292557176341,7.165546153951977
beige_0..1000,Univariate Amazon,"NNET, lag=1",1,-30.358893444654427,38.89381086420689,31.24637177040995,-10.196661501998882,10.455401538662299
beige_0..1000,Multivariate Amzn Twttr,"VECM, lag=2",2,3.949909294337516,34.013026908079446,27.690822379896673,0.6450905942948375,8.623127401767054
beige_0..1000,Univariate Amazon,"LINEAR, lag=2",2,11.613770622452847,31.61485155192463,25.839491420491086,2.973349042479658,8.037664139044246
beige_0..1000,Univariate Amazon,"NNET, lag=2",2,7.057461794561846,27.62720816803756,20.87914740084024,1.6602433070133096,6.635657232148655
beige_0..1000,Multivariate Amzn Twttr,"VECM, lag=3",3,1.1546199454228514,36.64964412413504,33.633269872711764,-0.2158757309694681,10.581128621530272
beige_0..1000,Univariate Amazon,"LINEAR, lag=3",3,13.506044218077022,30.657333675807156,25.05037930166033,3.626952165200186,7.745683040970763
beige_0..1000,Univariate Amazon,"NNET, lag=3",3,31.47813806012894,43.75520815271805,36.31308827214018,9.219954434856087,10.971747989932622
beige_0..1000,Multivariate Amzn Twttr,"VECM, lag=4",4,-1.4328626462444092,47.86640493168324,40.65816931702593,-1.3589361395664734,12.983070654022681
beige_0..1000,Univariate Amazon,"LINEAR, lag=4",4,16.090020371876022,31.274879984456803,25.773353734436014,4.437238257928362,7.9305058830903095
beige_0..1000,Univariate Amazon,"NNET, lag=4",4,-31.045596387538247,45.45749127665795,37.753644218567295,-10.021228561880859,12.331568885499653
beige_0..1000,Multivariate Amzn Twttr,"VECM, lag=5",5,-4.852648387199579,46.96054326448455,41.18801558896604,-2.6157540036167344,13.273651023875125
beige_0..1000,Univariate Amazon,"LINEAR, lag=5",5,18.36764533319368,32.714095629869966,27.66535850002188,5.139516301899201,8.49008606019579
beige_0..1000,Univariate Amazon,"NNET, lag=5",5,11.35584261109313,26.074795794103643,23.025505082877054,2.9945469637502704,7.184946722868072
beige_300000+,Multivariate Amzn Twttr,"VECM, lag=1",1,-24697.2482202463,367247.3109413139,321608.965880544,-21.313100867379667,48.31117683956917
beige_300000+,Univariate Amazon,"LINEAR, lag=1",1,-78531.46288797318,361252.57423095073,305294.950883158,-28.963719105556528,49.74410732143241
beige_300000+,Univariate Amazon,"NNET, lag=1",1,-117370.58355048245,408731.47609396046,342772.91400030954,-35.570004824417566,55.60329901951454
beige_300000+,Multivariate Amzn Twttr,"VECM, lag=2",2,-25415.35118543329,356435.27393336117,309175.4760279538,-20.23499059238355,46.277030150737595
beige_300000+,Univariate Amazon,"LINEAR, lag=2",2,-98678.63447663738,369040.3691455308,326476.34533544764,-30.323916084672355,50.87161497589415
beige_300000+,Univariate Amazon,"NNET, lag=2",2,29353.403973958353,424088.3044437693,374423.29206689144,-8.4644890412612,51.625531392818495
beige_300000+,Multivariate Amzn Twttr,"VECM, lag=3",3,-29245.903368588304,368508.78887812514,314758.529694349,-21.527067099399577,47.83211725770148
beige_300000+,Univariate Amazon,"LINEAR, lag=3",3,-136966.83541086974,349971.00164806534,297527.77201905265,-37.43550789772897,51.64741407901722
beige_300000+,Univariate Amazon,"NNET, lag=3",3,-53741.85699576016,401773.94859389815,367496.3480242485,-28.772118045563708,58.503589316600795
beige_300000+,Multivariate Amzn Twttr,"VECM, lag=4",4,-47534.47283717299,373326.27741490694,328699.9563921188,-24.045075950992185,49.94262437277084
beige_300000+,Univariate Amazon,"LINEAR, lag=4",4,-156393.93542936147,345900.28516350413,286874.93740394094,-40.03528270751522,51.10210730327767
beige_300000+,Univariate Amazon,"NNET, lag=4",4,-72386.43128491227,355846.8515799812,327798.66553133447,-28.822344317873554,51.62193191727119
beige_300000+,Multivariate Amzn Twttr,"VECM, lag=5",5,-46103.443577431084,386372.28516994265,331444.14986944175,-24.65743176200686,51.19394816554717
beige_300000+,Univariate Amazon,"LINEAR, lag=5",5,-172171.32147908054,346855.5869464509,287284.0394297462,-43.08175033538975,52.810670056226236
beige_300000+,Univariate Amazon,"NNET, lag=5",5,-169808.43749248178,422338.76431761275,356342.35376895126,-46.60505866728769,62.991404685229824
black_0..1000,Multivariate Amzn Twttr,"VECM, lag=1",1,20.095073159558993,43.611224431356156,31.86148148446665,4.418878482982294,7.806763147953331
black_0..1000,Univariate Amazon,"LINEAR, lag=1",1,24.53982523707323,44.8226804237466,31.894829325183764,5.591642868842375,7.742265374637092
black_0..1000,Univariate Amazon,"NNET, lag=1",1,19.703588397469098,44.2472473490285,31.48354583551039,4.241734525538474,7.71182451316736
black_0..1000,Multivariate Amzn Twttr,"VECM, lag=2",2,20.542033065173435,41.89572929691766,31.57894100664158,4.564013032526572,7.76449838586578
black_0..1000,Univariate Amazon,"LINEAR, lag=2",2,30.154223660583696,48.330654021134556,34.959386563901546,7.037761793132237,8.474148886089107
black_0..1000,Univariate Amazon,"NNET, lag=2",2,25.29386793471123,67.32959709279677,58.159916403421946,6.155385275486428,15.194383536944539
black_0..1000,Multivariate Amzn Twttr,"VECM, lag=3",3,22.206554087944767,43.319599421574374,32.02421360331596,4.98297820205678,7.838936408495003
black_0..1000,Univariate Amazon,"LINEAR, lag=3",3,33.37025492844917,50.61594711312642,36.450649833716525,7.886865691161924,8.80632368318222
black_0..1000,Univariate Amazon,"NNET, lag=3",3,12.789257675596438,42.24401418804077,29.87561279181879,2.314295733860863,7.408362746271326
black_0..1000,Multivariate Amzn Twttr,"VECM, lag=4",4,23.362509301277896,43.84135074703698,32.25892499831453,5.283714344933288,7.8919507424542585
black_0..1000,Univariate Amazon,"LINEAR, lag=4",4,36.61822583503181,52.89935952670733,38.021061921474484,8.745219529632514,9.163282716046563
black_0..1000,Univariate Amazon,"NNET, lag=4",4,41.769028185068514,57.41241009419853,42.300902959788026,10.0693849810435,10.230559155200929
black_0..1000,Multivariate Amzn Twttr,"VECM, lag=5",5,22.454230703779984,43.64657337202471,32.34510354113442,5.025213946196242,7.930500732060523
black_0..1000,Univariate Amazon,"LINEAR, lag=5",5,39.797024291702776,55.280140552197295,39.9986738256384,9.57952481500704,9.639184440431782
black_0..1000,Univariate Amazon,"NNET, lag=5",5,11.905548389393147,44.22520778190184,30.457423160487863,2.1367935746808073,7.584591532689575
black_001001..5000,Multivariate Amzn Twttr,"VECM, lag=1",1,49.89817775170337,166.16327246914398,140.80580864110294,1.8247660764116505,5.937313222908921
black_001001..5000,Univariate Amazon,"LINEAR, lag=1",1,41.46630277851301,142.95130125701297,117.83583985332456,1.449137910267598,4.958363448993463
black_001001..5000,Univariate Amazon,"NNET, lag=1",1,-17.043608135679676,179.09728043846368,136.47264343802834,-1.058934500317708,5.888563430249416
black_001001..5000,Multivariate Amzn Twttr,"VECM, lag=2",2,47.54981486627344,164.50088999730502,147.68731210396595,1.7451140177511184,6.308749918659242
black_001001..5000,Univariate Amazon,"LINEAR, lag=2",2,40.748185799292685,143.89966777620634,119.41893109008214,1.412175966041011,5.02844974456215
black_001001..5000,Univariate Amazon,"NNET, lag=2",2,-13.475147145232086,144.24346897133987,120.62980344419532,-0.9211179555022768,5.160575939878147
black_001001..5000,Multivariate Amzn Twttr,"VECM, lag=3",3,100.41336833077537,189.3604179642076,156.50132816676296,3.957942400678487,6.554613779941034
black_001001..5000,Univariate Amazon,"LINEAR, lag=3",3,40.62000097010298,141.06436371546835,120.03127989783002,1.4117247946690012,5.050878499106745
black_001001..5000,Univariate Amazon,"NNET, lag=3",3,135.37526814489632,190.2190163361756,153.40151123948573,5.475526291853916,6.30763971703249
black_001001..5000,Multivariate Amzn Twttr,"VECM, lag=4",4,102.3190433327872,197.9442664226086,159.11098986357166,4.022445551527749,6.652364246659955
black_001001..5000,Univariate Amazon,"LINEAR, lag=4",4,40.496215695057685,141.13456591048666,120.24293453689972,1.4060799103557684,5.060644894266236
black_001001..5000,Univariate Amazon,"NNET, lag=4",4,133.8617232207829,211.09969881540673,145.885941099658,5.456578337100172,6.009488175221522
black_001001..5000,Multivariate Amzn Twttr,"VECM, lag=5",5,92.33675014167369,194.25784339427645,157.23518531989595,3.568136559553794,6.559502942180597
black_001001..5000,Univariate Amazon,"LINEAR, lag=5",5,40.48193540801503,140.88296669457537,120.2839682846311,1.4061246574143236,5.062131661780127
black_001001..5000,Univariate Amazon,"NNET, lag=5",5,97.19455262425828,164.66019110142724,134.18044673123353,3.8414501901266913,5.546845715575425
black_005001..10000,Multivariate Amzn Twttr,"VECM, lag=1",1,-55.11262237539188,322.90763722059427,256.99258690960426,-0.8571705856865033,3.5466983837168877
black_005001..10000,Univariate Amazon,"LINEAR, lag=1",1,-127.6308445155214,252.03010520449916,230.83998941985146,-1.8341373806218204,3.191637466868863
black_005001..10000,Univariate Amazon,"NNET, lag=1",1,205.09810898489047,902.4980636541391,600.269458697935,2.6516613008034478,8.176135837717098
black_005001..10000,Multivariate Amzn Twttr,"VECM, lag=2",2,-52.25520361699887,264.9819040833025,245.08021785321284,-0.7889473533588538,3.3923577002121776
black_005001..10000,Univariate Amazon,"LINEAR, lag=2",2,-108.21165260145642,265.5796193202515,234.05838994718704,-1.5772210563153046,3.2322481286882967
black_005001..10000,Univariate Amazon,"NNET, lag=2",2,-87.09245351208972,227.8841169056429,210.96459126289744,-1.2785839728855195,2.904851745990057
black_005001..10000,Multivariate Amzn Twttr,"VECM, lag=3",3,-107.56535186975282,271.93943803150233,231.51915347066654,-1.5449027469454164,3.2228003016944746
black_005001..10000,Univariate Amazon,"LINEAR, lag=3",3,-128.5227363974393,249.46417743763192,222.80880301887282,-1.8459673791866176,3.0864550882447865
black_005001..10000,Univariate Amazon,"NNET, lag=3",3,-138.09950997062288,249.6151035269096,232.95574986924476,-1.9787462294416158,3.2237552846314905
black_005001..10000,Multivariate Amzn Twttr,"VECM, lag=4",4,-44.32568643954903,264.4628234721531,235.76468442283647,-0.6665271520494482,3.2753848685207627
black_005001..10000,Univariate Amazon,"LINEAR, lag=4",4,-157.79124702240676,267.21757451008017,248.08791845222197,-2.2515242887226865,3.4379735969941128
black_005001..10000,Univariate Amazon,"NNET, lag=4",4,-116.85661427665013,237.10392129005905,203.53905437801268,-1.6060604115800186,2.782121476014342
black_005001..10000,Multivariate Amzn Twttr,"VECM, lag=5",5,-86.45069798580596,276.4835525455676,239.31948780223058,-1.2440046393467026,3.3330824806427373
black_005001..10000,Univariate Amazon,"LINEAR, lag=5",5,-156.8692349216019,268.0322372326389,247.02069393465808,-2.239482508293664,3.4240566417924234
black_005001..10000,Univariate Amazon,"NNET, lag=5",5,-338.6469014385067,390.7073097943316,338.6469014385067,-4.719550265316985,4.719550265316985
black_010001..20000,Multivariate Amzn Twttr,"VECM, lag=1",1,430.9421804729677,842.6713404167061,769.5540415415926,2.8784444287816524,5.308493567259786
black_010001..20000,Univariate Amazon,"LINEAR, lag=1",1,-561.6281145687199,721.023943998132,561.6281145687199,-3.9999359705721016,3.9999359705721016
black_010001..20000,Univariate Amazon,"NNET, lag=1",1,257.98500932561,495.75054074121516,418.01216847025125,1.705849650582481,2.889394944160184
black_010001..20000,Multivariate Amzn Twttr,"VECM, lag=2",2,475.21949996824765,924.6017089823079,773.5781986307677,3.1586015565748573,5.3450066035780965
black_010001..20000,Univariate Amazon,"LINEAR, lag=2",2,-712.9642111247208,837.7724424120703,712.9642111247208,-5.050946539469127,5.050946539469127
black_010001..20000,Univariate Amazon,"NNET, lag=2",2,-10.17396152123365,582.508358452111,494.03237833158437,-0.15824033236325097,3.42991902347579
black_010001..20000,Multivariate Amzn Twttr,"VECM, lag=3",3,521.4062472706125,917.1416884456951,763.1234678577814,3.4831644247513176,5.267261248120979
black_010001..20000,Univariate Amazon,"LINEAR, lag=3",3,-784.4550996838102,896.8037557655313,784.4550996838102,-5.547048250489649,5.547048250489649
black_010001..20000,Univariate Amazon,"NNET, lag=3",3,-1417.0787030863653,1479.7612702301328,1417.0787030863653,-9.94127516085275,9.94127516085275
black_010001..20000,Multivariate Amzn Twttr,"VECM, lag=4",4,626.7144374710333,942.8226490330252,801.1352900758939,4.2232719737777416,5.513271623247903
black_010001..20000,Univariate Amazon,"LINEAR, lag=4",4,-821.9786614193872,929.1147693619527,821.9786614193872,-5.807626081421025,5.807626081421025
black_010001..20000,Univariate Amazon,"NNET, lag=4",4,-1464.4872769923068,1535.0678033581466,1464.4872769923068,-10.278553754724914,10.278553754724914
black_010001..20000,Multivariate Amzn Twttr,"VECM, lag=5",5,479.3932304890984,809.6377023385371,688.8780798795099,3.2103115754199703,4.754453996971495
black_010001..20000,Univariate Amazon,"LINEAR, lag=5",5,-839.4707699452824,944.3248943086019,839.4707699452824,-5.929079303326954,5.929079303326954
black_010001..20000,Univariate Amazon,"NNET, lag=5",5,-695.1440659942921,866.9249873013895,710.1285787343948,-4.931506792159053,5.031730942651345
black_020001..30000,Multivariate Amzn Twttr,"VECM, lag=1",1,-0.25625090280573204,686.7754986017757,596.3154078499501,-0.04992362563781105,2.4423513103219476
black_020001..30000,Univariate Amazon,"LINEAR, lag=1",1,196.6594201794769,580.2151782328825,505.49453301282847,0.7584641194397115,2.053404212402322
black_020001..30000,Univariate Amazon,"NNET, lag=1",1,-240.77057590548247,551.3556926875565,459.58860029073,-1.0209006719155553,1.8910288254807284
black_020001..30000,Multivariate Amzn Twttr,"VECM, lag=2",2,0.6884220702836501,638.460472290424,563.6584003985677,-0.04187260019825145,2.308424575186111
black_020001..30000,Univariate Amazon,"LINEAR, lag=2",2,259.277702872655,624.5142254702963,556.7897579441033,1.0115979109227249,2.2579345235287986
black_020001..30000,Univariate Amazon,"NNET, lag=2",2,72.34325229908382,494.91207736989105,423.2383556984855,0.2547507654367259,1.7226276327818912
black_020001..30000,Multivariate Amzn Twttr,"VECM, lag=3",3,-38.97297315630976,759.672993146034,671.4917815005124,-0.21520845196038796,2.7498515482318293
black_020001..30000,Univariate Amazon,"LINEAR, lag=3",3,340.43454764199714,632.5363328691882,552.609347296218,1.343716524591938,2.2347669326763917
black_020001..30000,Univariate Amazon,"NNET, lag=3",3,-251.75080418077414,557.3008100545213,463.09902713240626,-1.0657079556630378,1.9060574588846462
black_020001..30000,Multivariate Amzn Twttr,"VECM, lag=4",4,-68.14442918700979,656.3280845223954,546.9246080043972,-0.32547777538082134,2.2415082845376038
black_020001..30000,Univariate Amazon,"LINEAR, lag=4",4,391.45007896785273,651.017781056179,557.4418511637791,1.5520910678651174,2.2507330422284726
black_020001..30000,Univariate Amazon,"NNET, lag=4",4,76.98816581459641,554.399803770311,483.85263156019073,0.27390634395495383,1.9674526138158983
black_020001..30000,Multivariate Amzn Twttr,"VECM, lag=5",5,-103.40382663824494,617.8577044843416,517.9733281992958,-0.46512522485573066,2.126474496896835
black_020001..30000,Univariate Amazon,"LINEAR, lag=5",5,428.4098362399973,667.3764862866873,560.5764074526887,1.703065131811841,2.2607581960853347
black_020001..30000,Univariate Amazon,"NNET, lag=5",5,29.049826965690045,536.1726736724685,456.5044805880125,0.07483658066757815,1.8603243425461686
black_030001..40000,Multivariate Amzn Twttr,"VECM, lag=1",1,346.180229714274,715.9188617108463,553.4010710103512,0.977826008012328,1.5822014693373354
black_030001..40000,Univariate Amazon,"LINEAR, lag=1",1,-582.7285191893561,773.9548692214267,651.7067278535242,-1.698079771754939,1.892537960366148
black_030001..40000,Univariate Amazon,"NNET, lag=1",1,137.36444753798332,1226.3973670372181,932.3628235061378,0.3632279858862909,2.6899756751979123
black_030001..40000,Multivariate Amzn Twttr,"VECM, lag=2",2,128.71051153480312,728.3460360563961,592.6240448668568,0.3486789631646447,1.7059861056768635
black_030001..40000,Univariate Amazon,"LINEAR, lag=2",2,-613.1604316388193,717.9531423885104,653.5944778828461,-1.781009195421019,1.8949978237589387
black_030001..40000,Univariate Amazon,"NNET, lag=2",2,159.90587573270568,765.9785780798433,610.5666293419999,0.4508045875657456,1.7490574720771457
black_030001..40000,Multivariate Amzn Twttr,"VECM, lag=3",3,272.3226375235481,828.5502002704204,668.434420758671,0.7598691828538024,1.9171471110975586
black_030001..40000,Univariate Amazon,"LINEAR, lag=3",3,-323.0745112631748,556.4642659639997,485.30561805762136,-0.9481435867042589,1.4063832504949976
black_030001..40000,Univariate Amazon,"NNET, lag=3",3,18.33421544918474,449.9631718888465,370.4605654329798,0.037265785941544324,1.0665070290352985
black_030001..40000,Multivariate Amzn Twttr,"VECM, lag=4",4,268.01785261987425,810.144856546739,583.3644509034966,0.7476191040191748,1.6697909104931528
black_030001..40000,Univariate Amazon,"LINEAR, lag=4",4,-398.7831505203685,623.3677397714042,538.6487337343206,-1.167435630978003,1.5624677929818742
black_030001..40000,Univariate Amazon,"NNET, lag=4",4,105.46818009599701,999.9120014739848,788.4375607066413,0.27827858522311,2.276669419438118
black_030001..40000,Multivariate Amzn Twttr,"VECM, lag=5",5,281.984416814842,811.4799396434222,617.5541364203591,0.7881204571932888,1.7695058546342435
black_030001..40000,Univariate Amazon,"LINEAR, lag=5",5,-502.11097755523497,656.0318546674923,584.2537394474193,-1.463638396429043,1.6952091054169327
black_030001..40000,Univariate Amazon,"NNET, lag=5",5,-447.6593924965573,631.6952857170595,555.6577785139389,-1.3071752643451577,1.6116362082371896
black_150001..200000,Multivariate Amzn Twttr,"VECM, lag=1",1,142.53458361527737,3349.04251629888,2689.010156832126,0.06274010162540936,1.547073578905149
black_150001..200000,Univariate Amazon,"LINEAR, lag=1",1,1187.5286989938177,2775.0201581634715,2309.969946673671,0.6661863989477409,1.3244289687515725
black_150001..200000,Univariate Amazon,"NNET, lag=1",1,774.8245023709533,2568.980092275674,2219.610177108312,0.4287225034551271,1.2771921573283436
black_150001..200000,Multivariate Amzn Twttr,"VECM, lag=2",2,754.975487091986,3774.8781193959394,2908.6082530760177,0.4105389250840944,1.6743800888568654
black_150001..200000,Univariate Amazon,"LINEAR, lag=2",2,945.7806076889319,2457.7827197065394,1908.832512777175,0.5283922394545546,1.096016968136491
black_150001..200000,Univariate Amazon,"NNET, lag=2",2,2288.982654993488,3515.6633905479703,2944.8039871273504,1.3072838939410807,1.6857078533560406
black_150001..200000,Multivariate Amzn Twttr,"VECM, lag=3",3,-189.37822431315362,3600.60600361937,3048.048270657473,-0.13141210783342477,1.7577757220675516
black_150001..200000,Univariate Amazon,"LINEAR, lag=3",3,1162.7770573443813,2484.4839437559413,2127.5119205360643,0.6535853292445424,1.2201262077853836
black_150001..200000,Univariate Amazon,"NNET, lag=3",3,1947.1552600143477,2920.233720331535,2494.501590570093,1.1051269806537634,1.4278623815805216
black_150001..200000,Multivariate Amzn Twttr,"VECM, lag=4",4,-545.9558673180218,3788.789116660007,3198.6829833179363,-0.3376815366106475,1.846562220152393
black_150001..200000,Univariate Amazon,"LINEAR, lag=4",4,1042.3799584082008,2421.758135103206,1947.0766734072313,0.5842558825806503,1.1170761893293442
black_150001..200000,Univariate Amazon,"NNET, lag=4",4,-2199.4987467854335,13920.046899866898,7419.383459579472,-1.338901247233116,4.332743252852326
black_150001..200000,Multivariate Amzn Twttr,"VECM, lag=5",5,651.0123761248142,4068.41036126661,3441.5695107209503,0.3488357883172733,1.9790924465856328
black_150001..200000,Univariate Amazon,"LINEAR, lag=5",5,1114.0391107866017,2461.0290161923112,2064.6736428388467,0.6254368374094678,1.1842929088076835
black_150001..200000,Univariate Amazon,"NNET, lag=5",5,3834.758657840812,4403.867529018221,3964.292540334387,2.1917481607468083,2.268126072073476
black_300000+,Multivariate Amzn Twttr,"VECM, lag=1",1,15949.99888715442,174151.0538621813,150748.18694900218,0.18273586826531485,9.536439917360436
black_300000+,Univariate Amazon,"LINEAR, lag=1",1,-71530.4589446111,157083.47758142333,127237.31053713689,-5.39757462173909,8.424992609530186
black_300000+,Univariate Amazon,"NNET, lag=1",1,-114305.0840439774,206881.93595057618,172841.1731455955,-7.928311430713773,11.286126095158561
black_300000+,Multivariate Amzn Twttr,"VECM, lag=2",2,-20955.22484603041,143356.5844885717,114781.786323465,-2.103943539517474,7.409682746514255
black_300000+,Univariate Amazon,"LINEAR, lag=2",2,-86392.34945595422,175919.49111879035,148437.59087655495,-6.483530810811044,9.838445257928985
black_300000+,Univariate Amazon,"NNET, lag=2",2,-246170.91958086737,360654.14649968967,317200.328003629,-16.769975068038406,21.335789923684633
black_300000+,Multivariate Amzn Twttr,"VECM, lag=3",3,-22895.522720104753,144215.88718588828,116191.82993423045,-2.216735622086016,7.546996755191935
black_300000+,Univariate Amazon,"LINEAR, lag=3",3,-91126.93918002845,175808.64988415356,151177.0427472805,-6.782764667563688,10.048583168906305
black_300000+,Univariate Amazon,"NNET, lag=3",3,-246842.71248249404,299976.05673359067,246842.71248249404,-16.192276331972813,16.192276331972813
black_300000+,Multivariate Amzn Twttr,"VECM, lag=4",4,-22188.4377930974,148504.48085235176,120002.32975530712,-2.1362337955439803,7.814044828391346
black_300000+,Univariate Amazon,"LINEAR, lag=4",4,-106997.06222520236,185530.86413189268,159215.59830946292,-7.850311974876787,10.681077531722346
black_300000+,Univariate Amazon,"NNET, lag=4",4,-227684.35043016006,284940.2080422343,227684.35043016006,-15.093723927908528,15.093723927908528
black_300000+,Multivariate Amzn Twttr,"VECM, lag=5",5,-38393.009068196436,145592.44990734346,111393.57013700638,-3.10378003854481,7.3521462498363785
black_300000+,Univariate Amazon,"LINEAR, lag=5",5,-118179.12306188152,195328.42657088028,167363.09120413684,-8.61650709005067,11.27585756841981
black_300000+,Univariate Amazon,"NNET, lag=5",5,-357050.39673791744,397071.5298408288,357050.39673791744,-24.036966075886692,24.036966075886692
blue_0..1000,Multivariate Amzn Twttr,"VECM, lag=1",1,10.995239490066332,47.64983023902991,38.39540160356402,1.8254356765132718,10.66873745527625
blue_0..1000,Univariate Amazon,"LINEAR, lag=1",1,21.6601973191367,47.691035495750384,40.04146675027302,5.087726216877623,11.110373798930212
blue_0..1000,Univariate Amazon,"NNET, lag=1",1,-3.037510953437611,49.37351864983946,38.63698756162841,-2.709047835161841,11.133016221387457
blue_0..1000,Multivariate Amzn Twttr,"VECM, lag=2",2,13.636940468327275,47.22581694812319,40.65483904451653,2.737308601371147,11.40103817651449
blue_0..1000,Univariate Amazon,"LINEAR, lag=2",2,28.75010073431467,45.05359618718132,37.43667088527212,7.393812775981332,10.329573047880741
blue_0..1000,Univariate Amazon,"NNET, lag=2",2,-3.1142518089040934,45.796617042828444,36.91553491952296,-2.592353298486072,10.600830653480774
blue_0..1000,Multivariate Amzn Twttr,"VECM, lag=3",3,13.14964354842867,48.33390875964777,40.61739450834601,2.5833334834178494,11.395566942552586
blue_0..1000,Univariate Amazon,"LINEAR, lag=3",3,40.176041693473394,55.242927303749404,45.7083205268965,10.490638911274784,12.431789379142542
blue_0..1000,Univariate Amazon,"NNET, lag=3",3,19.783289627461542,51.54197663755402,40.88705483374042,3.9317903903873734,11.118131537243933
blue_0..1000,Multivariate Amzn Twttr,"VECM, lag=4",4,16.345653441101085,48.927650135384994,41.34287563247059,3.529523629351381,11.595179276939774
blue_0..1000,Univariate Amazon,"LINEAR, lag=4",4,47.39163441448736,58.809462815397566,49.896842852717704,12.641727617154078,13.520748121796302
blue_0..1000,Univariate Amazon,"NNET, lag=4",4,28.046085632173522,53.025953367612566,39.60859790211892,6.4411330062470515,10.455426015901814
blue_0..1000,Multivariate Amzn Twttr,"VECM, lag=5",5,10.568133306555744,45.753904268321634,38.97935210509224,1.9595651139771242,10.967624652652638
blue_0..1000,Univariate Amazon,"LINEAR, lag=5",5,55.82186529066607,66.76554204702117,57.246061643236175,14.958551487104618,15.45826950555027
blue_0..1000,Univariate Amazon,"NNET, lag=5",5,60.68098326549849,74.50758207583571,61.99347492964015,15.93615366596655,16.39667705689345
blue_300000+,Multivariate Amzn Twttr,"VECM, lag=1",1,-10215.720925493864,136969.50471184577,103909.37818410885,-2.4476370673734644,10.651230512870232
blue_300000+,Univariate Amazon,"LINEAR, lag=1",1,-173701.6626320368,214392.13705343477,179066.39066970514,-19.524726408807116,19.975163101625483
blue_300000+,Univariate Amazon,"NNET, lag=1",1,-191922.95813777513,220283.9064924733,192513.33931039245,-21.016464964965184,21.06603492285098
blue_300000+,Multivariate Amzn Twttr,"VECM, lag=2",2,-10523.667036677085,164820.06642773974,122539.82271730759,-2.7434471146811927,12.590414081152206
blue_300000+,Univariate Amazon,"LINEAR, lag=2",2,-216956.8363386061,249603.00867314503,216956.8363386061,-23.980540181196506,23.980540181196506
blue_300000+,Univariate Amazon,"NNET, lag=2",2,-184541.07903178484,220129.11809269522,192384.57393197203,-20.315675763327057,20.974236249184155
blue_300000+,Multivariate Amzn Twttr,"VECM, lag=3",3,-14089.859821956445,217953.83563498876,150133.5687293104,-3.636548265072409,15.24469702660636
blue_300000+,Univariate Amazon,"LINEAR, lag=3",3,-232507.49914168572,256497.26154343836,232507.49914168572,-25.429271338275754,25.429271338275754
blue_300000+,Univariate Amazon,"NNET, lag=3",3,-129541.85560431061,184916.35353823245,147997.71559183797,-15.09820035894688,16.73688846533748
blue_300000+,Multivariate Amzn Twttr,"VECM, lag=4",4,-12653.532174138745,206327.62770821666,142784.56594349263,-3.5908045818970464,14.700350297430257
blue_300000+,Univariate Amazon,"LINEAR, lag=4",4,-276572.1553677202,299470.1041110465,276572.1553677202,-30.129654625556913,30.129654625556913
blue_300000+,Univariate Amazon,"NNET, lag=4",4,-180632.22327763707,211089.4452913891,183157.4752562263,-20.10859616105044,20.320622966842286
blue_300000+,Multivariate Amzn Twttr,"VECM, lag=5",5,-9630.634760598463,206424.18165076035,142779.41747676797,-3.2722608963158315,14.660668093853811
blue_300000+,Univariate Amazon,"LINEAR, lag=5",5,-298516.06388495816,320367.77669588855,298516.06388495816,-32.42849236545071,32.42849236545071
blue_300000+,Univariate Amazon,"NNET, lag=5",5,-229662.14593741516,266219.4625729879,231683.7775642445,-25.15406516891376,25.346650852944176
bright_0..1000,Multivariate Amzn Twttr,"VECM, lag=1",1,43.15797407383418,221.77315403681942,178.2697396408186,-6.687298969121185,42.8460820110493
bright_0..1000,Univariate Amazon,"LINEAR, lag=1",1,26.823254089308904,222.223643033574,185.00955111468758,-10.41229838095622,44.952852681604085
bright_0..1000,Univariate Amazon,"NNET, lag=1",1,30.702510055181506,228.59739157612069,182.4633107018843,-9.783025860268388,42.63987218624783
bright_0..1000,Multivariate Amzn Twttr,"VECM, lag=2",2,64.13570399494262,256.3715014056542,204.32023010289302,-4.226168361762497,48.32342902842274
bright_0..1000,Univariate Amazon,"LINEAR, lag=2",2,20.849292994805637,193.73741868088473,173.080758374255,-9.299131648376717,41.568603567372875
bright_0..1000,Univariate Amazon,"NNET, lag=2",2,36.01663558606011,223.30235866121913,188.5748064755322,-7.367284934237979,42.457402318242714
bright_0..1000,Multivariate Amzn Twttr,"VECM, lag=3",3,70.29126487481244,268.2929166488196,220.3387116692954,-3.554759864495452,51.2681139558846
bright_0..1000,Univariate Amazon,"LINEAR, lag=3",3,20.628046013389017,172.25481514540775,148.30790203421685,-8.693506387855141,34.06839629614883
bright_0..1000,Univariate Amazon,"NNET, lag=3",3,293.1127289567718,802.7487028285311,413.17897436975534,56.364355779821025,96.45356048275991
bright_0..1000,Multivariate Amzn Twttr,"VECM, lag=4",4,41.353902326692406,282.49158800782254,218.98569096684867,-10.90057992089899,51.78450281062979
bright_0..1000,Univariate Amazon,"LINEAR, lag=4",4,18.746804600036803,159.88589990898947,137.5723419034818,-7.9445498108619805,30.749634783600925
bright_0..1000,Univariate Amazon,"NNET, lag=4",4,-16.157654233442635,156.23750421952047,143.48019935249212,-14.725207172255978,34.190958680106334
bright_0..1000,Multivariate Amzn Twttr,"VECM, lag=5",5,44.91334647644255,274.9268616726164,224.45735123389017,-9.43824058325657,53.261806973500754
bright_0..1000,Univariate Amazon,"LINEAR, lag=5",5,20.74181956490429,162.7601177262216,139.89244709461857,-7.374628831265085,30.57824078948488
bright_0..1000,Univariate Amazon,"NNET, lag=5",5,-3.6325566766561863,175.65269309014698,154.2446744760671,-13.524275299083838,35.84745822156866
bright_001001..5000,Multivariate Amzn Twttr,"VECM, lag=1",1,110.83802552259405,697.8489184559066,581.2988624268628,1.9476889462383413,23.056690585681803
bright_001001..5000,Univariate Amazon,"LINEAR, lag=1",1,29.688968585470292,541.6350871950693,400.6343850470271,-1.751397684794572,15.050660189444702
bright_001001..5000,Univariate Amazon,"NNET, lag=1",1,-63.53700103836309,658.0003007236687,495.0883223164151,-7.083572105248771,20.339626077839533
bright_001001..5000,Multivariate Amzn Twttr,"VECM, lag=2",2,45.59616679518007,711.3618436631418,539.5435650658346,-1.613925815430294,21.062726204104507
bright_001001..5000,Univariate Amazon,"LINEAR, lag=2",2,8.912056443592007,527.1327142425391,378.2555345076217,-3.5519986007798323,14.097547863159715
bright_001001..5000,Univariate Amazon,"NNET, lag=2",2,-80.52028547266161,562.1761086313367,428.9551204501905,-6.726208256042802,15.981548104759838
bright_001001..5000,Multivariate Amzn Twttr,"VECM, lag=3",3,36.71810784838445,716.6519968170778,524.9201725498804,-1.9667847247631247,20.464168460451962
bright_001001..5000,Univariate Amazon,"LINEAR, lag=3",3,6.351316408016032,581.7465519140397,467.8024923871177,-4.31545547850381,17.40115394035206
bright_001001..5000,Univariate Amazon,"NNET, lag=3",3,-8.100434631068651,507.6998133872961,440.61516418835913,-3.3589841554131183,17.77169189127493
bright_001001..5000,Multivariate Amzn Twttr,"VECM, lag=4",4,-2.531168702195913,686.264334469813,488.08479012533616,-3.5199255665614144,19.15373473318519
bright_001001..5000,Univariate Amazon,"LINEAR, lag=4",4,8.624823482730392,610.6183953021796,499.1915150660912,-4.485597260154833,18.557772575245338
bright_001001..5000,Univariate Amazon,"NNET, lag=4",4,92.05546551113176,833.6431335603662,763.7531611912666,-1.4294355047313063,30.526000966889278
bright_001001..5000,Multivariate Amzn Twttr,"VECM, lag=5",5,-28.809491311824104,632.7931371120787,455.46286176624267,-4.521168577787794,18.023390989874407
bright_001001..5000,Univariate Amazon,"LINEAR, lag=5",5,9.026179321063694,617.978815204732,505.88426417022146,-4.534943468472884,18.812383289742613
bright_001001..5000,Univariate Amazon,"NNET, lag=5",5,196.5002572564008,642.9540466623403,486.89331140790705,2.8766454473365717,16.966166790684543
bright_300000+,Multivariate Amzn Twttr,"VECM, lag=1",1,11323.529900313297,478929.03744561947,475599.60471510614,-5.3506555128093725,31.209674115244084
bright_300000+,Univariate Amazon,"LINEAR, lag=1",1,-313429.64878764877,556068.8702271712,444856.7044669507,-26.5931343751468,33.55136931417687
bright_300000+,Univariate Amazon,"NNET, lag=1",1,-173951.8727810544,437204.85332211753,392814.3985170707,-16.520579331485017,28.187903998664005
bright_300000+,Multivariate Amzn Twttr,"VECM, lag=2",2,-821.8751665884047,442237.52124053496,433177.76164066786,-5.63920261131708,28.67497631257572
bright_300000+,Univariate Amazon,"LINEAR, lag=2",2,-539754.7701915365,751330.1958388465,556912.4048317358,-42.29067775870148,43.15293588181531
bright_300000+,Univariate Amazon,"NNET, lag=2",2,-255840.50461803653,525616.1543537709,432786.89023946365,-22.78938458035377,31.92556123940327
bright_300000+,Multivariate Amzn Twttr,"VECM, lag=3",3,23297.47752211563,479840.72664465697,471828.9191026147,-4.275315397111692,30.64104777652154
bright_300000+,Univariate Amazon,"LINEAR, lag=3",3,-759664.9072076557,906758.7320985465,759664.9072076557,-56.34509720800196,56.34509720800196
bright_300000+,Univariate Amazon,"NNET, lag=3",3,-89898.16256329179,1161661.6430524094,1003933.0956021235,-18.173052508964005,67.4808014327688
bright_300000+,Multivariate Amzn Twttr,"VECM, lag=4",4,21892.35967850662,473989.57289349183,456130.91044831276,-4.160623061069117,29.770059625292106
bright_300000+,Univariate Amazon,"LINEAR, lag=4",4,-914804.2230071251,1039368.851582213,914804.2230071251,-66.46400545278154,66.46400545278154
bright_300000+,Univariate Amazon,"NNET, lag=4",4,-453278.7060823658,815585.2125885133,705140.7250661217,-36.46681888121267,49.7843652523325
bright_300000+,Multivariate Amzn Twttr,"VECM, lag=5",5,59399.23358808883,470459.0873474404,446733.36611815286,-1.7102639761975131,28.70863552406942
bright_300000+,Univariate Amazon,"LINEAR, lag=5",5,-1038729.8720030314,1142019.1148531537,1038729.8720030314,-74.31500571353291,74.31500571353291
bright_300000+,Univariate Amazon,"NNET, lag=5",5,373821.18409512565,2992286.0870239655,1890998.0470824821,2.5636964726965914,119.0571019759748
burgundy_001001..5000,Multivariate Amzn Twttr,"VECM, lag=1",1,323.28959128549764,592.4177296192032,394.6124835216734,11.561547517296638,14.838796936809553
burgundy_001001..5000,Univariate Amazon,"LINEAR, lag=1",1,132.9249449796821,440.7595912902976,307.65973169993146,3.050968043196706,12.06408961240944
burgundy_001001..5000,Univariate Amazon,"NNET, lag=1",1,114.94824764422265,476.9622045810178,379.91528770177536,2.0870449096012003,16.291315072895742
burgundy_001001..5000,Multivariate Amzn Twttr,"VECM, lag=2",2,358.77046221343585,630.4092880616929,428.2821842566971,12.879700698873274,16.41653129504128
burgundy_001001..5000,Univariate Amazon,"LINEAR, lag=2",2,95.54934243134522,434.33403455108464,325.5846138754033,1.2315349931059174,13.279651473068604
burgundy_001001..5000,Univariate Amazon,"NNET, lag=2",2,50.630419063684855,587.7390882687617,419.274435250191,-1.428590949085664,17.709241529675097
burgundy_001001..5000,Multivariate Amzn Twttr,"VECM, lag=3",3,432.739002868953,670.0342841591819,482.9819422705713,16.12051078148995,18.872865843402614
burgundy_001001..5000,Univariate Amazon,"LINEAR, lag=3",3,68.91204176222061,439.57614498826706,326.3043877279514,-0.15541603309359697,13.539160634181854
burgundy_001001..5000,Univariate Amazon,"NNET, lag=3",3,151.8890217401866,450.5289082762856,319.4846685649856,4.6511125039122625,12.59027607669244
burgundy_001001..5000,Multivariate Amzn Twttr,"VECM, lag=4",4,492.1092773232933,702.5499337732649,568.4878835389613,18.85069629804722,23.05270064782033
burgundy_001001..5000,Univariate Amazon,"LINEAR, lag=4",4,54.86524177808212,440.67193978564455,331.2635002218841,-0.8440849123364895,13.90925860232034
burgundy_001001..5000,Univariate Amazon,"NNET, lag=4",4,-407.51184353064417,1329.4627167539527,771.0981052692287,-21.636429310086655,33.70411093446459
burgundy_001001..5000,Multivariate Amzn Twttr,"VECM, lag=5",5,569.6064949498412,766.7038528182796,632.9420916120404,22.217616594668137,25.73229225035096
burgundy_001001..5000,Univariate Amazon,"LINEAR, lag=5",5,45.946023523694976,444.86227226831414,331.73297103708103,-1.304224489926451,14.008500666311456
burgundy_001001..5000,Univariate Amazon,"NNET, lag=5",5,-162.68233699257178,555.7153781525626,468.0113098351219,-11.20278582282073,21.865655539649865
check_0..1000,Multivariate Amzn Twttr,"VECM, lag=1",1,-3.4215010827941015,74.54951174840987,58.719612703055496,-3.5430167014848415,14.463160484144858
check_0..1000,Univariate Amazon,"LINEAR, lag=1",1,18.992100554051298,74.5641044456455,57.79963077114474,1.9132243680225502,13.478092482709473
check_0..1000,Univariate Amazon,"NNET, lag=1",1,17.33543518591936,74.08857999201906,57.14500487584643,1.7145737784123924,13.43140816183925
check_0..1000,Multivariate Amzn Twttr,"VECM, lag=2",2,-1.6660362449977342,76.33350269644065,58.26435898452208,-3.2904513813824545,14.167943332613579
check_0..1000,Univariate Amazon,"LINEAR, lag=2",2,10.312578582154977,74.81393626274662,54.32372011274028,-0.34936311391584884,12.783200701847822
check_0..1000,Univariate Amazon,"NNET, lag=2",2,21.02079286436131,80.54942068517313,65.36312841416247,2.3746446455641563,15.583117475483402
check_0..1000,Multivariate Amzn Twttr,"VECM, lag=3",3,-0.09748229995211233,77.07944666739863,59.55597952721805,-2.9167464059155925,14.438567016038512
check_0..1000,Univariate Amazon,"LINEAR, lag=3",3,2.8823490524616844,72.04478074169955,51.320227060755194,-2.100332171377913,12.25393702104491
check_0..1000,Univariate Amazon,"NNET, lag=3",3,0.04448794472504147,88.2142278729771,71.22198956782964,-1.491691379195168,17.315557743233803
check_0..1000,Multivariate Amzn Twttr,"VECM, lag=4",4,4.497595189218458,73.64558396276098,54.95426586812121,-1.5705432373203791,13.259689521124592
check_0..1000,Univariate Amazon,"LINEAR, lag=4",4,-4.064505102904469,72.91549537140357,52.94198577577024,-3.874521582547355,12.844467550692364
check_0..1000,Univariate Amazon,"NNET, lag=4",4,-44.09288941589126,88.26103063417223,75.43339269827615,-13.854845283963472,19.184862848994918
check_0..1000,Multivariate Amzn Twttr,"VECM, lag=5",5,8.178106539314975,74.39421834188742,56.83826806919732,-0.7079508721128454,13.750526919297721
check_0..1000,Univariate Amazon,"LINEAR, lag=5",5,-10.021749103672924,74.02694079513923,55.24569284708833,-5.38332195457954,13.563183677034225
check_0..1000,Univariate Amazon,"NNET, lag=5",5,-83.41911971757514,114.58584200300021,101.95319112765748,-23.50866359212611,26.660716553024464
check_001001..5000,Multivariate Amzn Twttr,"VECM, lag=1",1,-135.40182832577466,217.01830665033074,162.2228060908226,-5.547473425757776,6.53608641479936
check_001001..5000,Univariate Amazon,"LINEAR, lag=1",1,34.556039783496544,158.77726518409207,146.14739602102918,1.0641742897472468,5.671286532102788
check_001001..5000,Univariate Amazon,"NNET, lag=1",1,-32.38914544346579,134.87116179512307,121.95247123502116,-1.5373755156205207,4.826456203384794
check_001001..5000,Multivariate Amzn Twttr,"VECM, lag=2",2,-124.24398275354707,220.1639208857263,150.22745502377728,-5.138857502785299,6.0983653414200925
check_001001..5000,Univariate Amazon,"LINEAR, lag=2",2,78.10197924507185,160.27765652556755,148.1262733019367,2.7581909246155942,5.6552086589322315
check_001001..5000,Univariate Amazon,"NNET, lag=2",2,-112.08521849335688,180.5052896305208,134.48536295793468,-4.651411938908154,5.472238051500275
check_001001..5000,Multivariate Amzn Twttr,"VECM, lag=3",3,-83.00854750193855,180.03719598163966,148.84058314573156,-3.4497194049006974,5.888934367136008
check_001001..5000,Univariate Amazon,"LINEAR, lag=3",3,110.73300271767539,176.6895453158503,154.5581188818751,4.008299119984926,5.82986739130086
check_001001..5000,Univariate Amazon,"NNET, lag=3",3,-48.7823995537027,150.5886338109404,131.002975655073,-2.194900006501547,5.211685798919341
check_001001..5000,Multivariate Amzn Twttr,"VECM, lag=4",4,-42.53384526353983,176.96725895763382,148.5827780730836,-1.8932964577123785,5.914157349018069
check_001001..5000,Univariate Amazon,"LINEAR, lag=4",4,130.58287371389162,190.26576800627342,159.2083492151574,4.768839772316294,5.9658603866565
check_001001..5000,Univariate Amazon,"NNET, lag=4",4,-53.36501954186667,154.0481595257111,136.14138752731583,-2.381217274465252,5.420124747053092
check_001001..5000,Multivariate Amzn Twttr,"VECM, lag=5",5,-24.12074816265465,243.3205978201401,200.79374870382514,-1.2632098905094535,7.973174175728097
check_001001..5000,Univariate Amazon,"LINEAR, lag=5",5,142.55055865110666,200.0079047737443,166.70263847619475,5.225887939756152,6.235588264593937
check_001001..5000,Univariate Amazon,"NNET, lag=5",5,-84.71837647312037,162.29077651643186,130.21992686661764,-3.580603968789179,5.249201795349499
check_005001..10000,Multivariate Amzn Twttr,"VECM, lag=1",1,-23.654133207907307,388.8599333251795,318.02894031706114,-0.5787706589386317,4.461570759465117
check_005001..10000,Univariate Amazon,"LINEAR, lag=1",1,-57.84211203924747,420.88770526348645,369.8839401832131,-1.1274548897581906,5.1865581008780826
check_005001..10000,Univariate Amazon,"NNET, lag=1",1,-67.65142262809104,484.49721774442855,391.8936924228592,-1.3072677026377404,5.506754798104064
check_005001..10000,Multivariate Amzn Twttr,"VECM, lag=2",2,-23.23933138012478,450.2795367081301,403.62189085201805,-0.6217307362358118,5.66132640559481
check_005001..10000,Univariate Amazon,"LINEAR, lag=2",2,-65.18435962814317,393.6638420903714,339.7999129767212,-1.2112848372896743,4.77360593354854
check_005001..10000,Univariate Amazon,"NNET, lag=2",2,-101.1966443824989,369.20484263888784,338.6764856080032,-1.686364060619136,4.7539158452126475
check_005001..10000,Multivariate Amzn Twttr,"VECM, lag=3",3,-37.21804823570085,462.11339577307155,405.940013627879,-0.817110175197016,5.711681174653226
check_005001..10000,Univariate Amazon,"LINEAR, lag=3",3,-94.18436315681379,395.3364882146318,350.1393317076722,-1.618129545697128,4.932107788246364
check_005001..10000,Univariate Amazon,"NNET, lag=3",3,-188.17663395960597,452.23133307607014,415.7772385773866,-2.9687052933459874,5.898888948299799
check_005001..10000,Multivariate Amzn Twttr,"VECM, lag=4",4,4.1038255721821315,483.27425790657196,394.9786457432938,-0.27705837667051103,5.520177885595425
check_005001..10000,Univariate Amazon,"LINEAR, lag=4",4,-116.23206940038199,419.1919370910235,367.5392077564443,-1.9467698162809581,5.185715882803448
check_005001..10000,Univariate Amazon,"NNET, lag=4",4,-182.01503852933763,584.2547992886922,535.4845035980753,-2.9431955362977775,7.640638298444433
check_005001..10000,Multivariate Amzn Twttr,"VECM, lag=5",5,-2.4797559454896145,525.5617146087102,434.5123695609559,-0.4064173614851758,6.077301662211706
check_005001..10000,Univariate Amazon,"LINEAR, lag=5",5,-124.35058526059197,418.42468436768104,370.21061938680964,-2.0592182596003688,5.227623311791648
check_005001..10000,Univariate Amazon,"NNET, lag=5",5,-466.82930189515594,651.9252550145169,567.6178573227481,-6.846821729688852,8.168465519717598
check_010001..20000,Multivariate Amzn Twttr,"VECM, lag=1",1,-355.32003272347197,835.2910361373592,685.8378631079484,-2.6799779243395876,4.900057076623295
check_010001..20000,Univariate Amazon,"LINEAR, lag=1",1,-278.7383837923205,705.3415468394791,603.6794196542803,-2.1595270988475717,4.2859669335563915
check_010001..20000,Univariate Amazon,"NNET, lag=1",1,-1023.3946276349648,2826.554816272725,1514.0747769288264,-7.660761923196789,10.90421959582046
check_010001..20000,Multivariate Amzn Twttr,"VECM, lag=2",2,-217.08552764108708,860.8822659331807,742.1684626652586,-1.762592560965228,5.245495967433163
check_010001..20000,Univariate Amazon,"LINEAR, lag=2",2,-273.7677276293282,736.9694943229042,629.1941590882132,-2.136348517976291,4.460195098827881
check_010001..20000,Univariate Amazon,"NNET, lag=2",2,-7.445405244392759,1939.4976112913328,1383.5995333704175,-0.5568448606159295,9.530925164402696
check_010001..20000,Multivariate Amzn Twttr,"VECM, lag=3",3,22.539429050321587,904.5506889867936,750.2839233707712,-0.11217348211589218,5.193730473000803
check_010001..20000,Univariate Amazon,"LINEAR, lag=3",3,-272.37786960906556,751.1208367594336,638.5312148635296,-2.1324373481169214,4.529174026193438
check_010001..20000,Univariate Amazon,"NNET, lag=3",3,-698.5479081798535,999.6147438000763,804.6205273353107,-5.11023258883325,5.7980778592791165
check_010001..20000,Multivariate Amzn Twttr,"VECM, lag=4",4,32.32687456044982,878.369336923937,695.2732407529732,-0.023803300793944437,4.783696874837139
check_010001..20000,Univariate Amazon,"LINEAR, lag=4",4,-266.0066469336939,727.0212795948516,619.9365646088831,-2.080559465726248,4.399904657304077
check_010001..20000,Univariate Amazon,"NNET, lag=4",4,-558.4809424988412,984.1557381975954,843.5503435926848,-4.1353090959177194,6.002899687961586
check_010001..20000,Multivariate Amzn Twttr,"VECM, lag=5",5,109.90397317119164,960.3130735588336,815.339331261165,0.5118297462780848,5.623957308282687
check_010001..20000,Univariate Amazon,"LINEAR, lag=5",5,-266.58632985001714,724.3741926226334,616.1328294141013,-2.083628708681691,4.373561353482064
check_010001..20000,Univariate Amazon,"NNET, lag=5",5,-3.598332429919992,928.0637789995797,783.468494603319,-0.2960933517106764,5.459447491981074
check_020001..30000,Multivariate Amzn Twttr,"VECM, lag=1",1,-317.3000634364189,923.0269934555212,705.964990051435,-1.356928938648227,2.910205196568377
check_020001..30000,Univariate Amazon,"LINEAR, lag=1",1,-705.8154535695239,838.4070443946056,737.4200335008836,-2.9197718654004823,3.0448196612830483
check_020001..30000,Univariate Amazon,"NNET, lag=1",1,-594.1950577727257,729.323346028373,647.8499937487904,-2.4564252205138124,2.6687182330012096
check_020001..30000,Multivariate Amzn Twttr,"VECM, lag=2",2,-407.8671713521917,909.2880583216038,635.1921276993116,-1.7234494589354448,2.629635447093449
check_020001..30000,Univariate Amazon,"LINEAR, lag=2",2,-768.8707327221946,899.5423316103933,796.2986063958087,-3.1788502089113306,3.28737230147133
check_020001..30000,Univariate Amazon,"NNET, lag=2",2,-196.5439659227959,568.4821009449255,497.96537960718797,-0.8383302280426097,2.0377327207584943
check_020001..30000,Multivariate Amzn Twttr,"VECM, lag=3",3,-466.9233870208009,962.5293475550702,762.7989397592601,-1.9602134141020184,3.1398103105243607
check_020001..30000,Univariate Amazon,"LINEAR, lag=3",3,-686.3155038988093,841.7647090078995,735.2189839456673,-2.8431463197150957,3.0366395540541715
check_020001..30000,Univariate Amazon,"NNET, lag=3",3,-54.31407767732753,500.3488106049752,411.17339243517154,-0.2587345954059833,1.6807496862905442
check_020001..30000,Multivariate Amzn Twttr,"VECM, lag=4",4,-375.0818817673794,919.3520519863034,744.1506548897291,-1.5774098225196675,3.0629660963380805
check_020001..30000,Univariate Amazon,"LINEAR, lag=4",4,-690.7985106536048,840.7256192674888,735.0324352706134,-2.860870243176606,3.035887749772351
check_020001..30000,Univariate Amazon,"NNET, lag=4",4,-486.89048406403526,822.7436225570766,577.1905708501499,-2.0325690169707875,2.3923287673107305
check_020001..30000,Multivariate Amzn Twttr,"VECM, lag=5",5,-515.8982337669486,980.2235910750317,780.0476844331415,-2.1536467822047523,3.211768642176078
check_020001..30000,Univariate Amazon,"LINEAR, lag=5",5,-703.43005609783,849.1995729038609,744.5610047678756,-2.9122741821951506,3.075014344694342
check_020001..30000,Univariate Amazon,"NNET, lag=5",5,-1018.7155031542584,1132.7482108912034,1018.7155031542584,-4.202829196201721,4.202829196201721
check_300000+,Multivariate Amzn Twttr,"VECM, lag=1",1,-324592.03590392857,521183.272919495,427095.9913238679,-27.856817034548317,33.83404173941084
check_300000+,Univariate Amazon,"LINEAR, lag=1",1,-110099.93410582887,343012.12693669833,295556.77356789453,-11.603415344879743,22.19539516858257
check_300000+,Univariate Amazon,"NNET, lag=1",1,-186250.24237645423,367395.7227080982,272930.59872396284,-17.779953322240793,22.22836124617681
check_300000+,Multivariate Amzn Twttr,"VECM, lag=2",2,-211089.809951174,551754.583951719,472448.60099689564,-19.990976428101245,35.256672798763056
check_300000+,Univariate Amazon,"LINEAR, lag=2",2,-177598.319222267,366687.8581206935,319786.5958939814,-16.35829076469386,24.37273982254078
check_300000+,Univariate Amazon,"NNET, lag=2",2,-367620.5120516685,475709.4507623266,410203.0218642408,-30.651848080348376,32.80528806180765
check_300000+,Multivariate Amzn Twttr,"VECM, lag=3",3,6430.567365797353,553922.5709284971,485585.88151440676,-5.721758852097588,35.903147556344365
check_300000+,Univariate Amazon,"LINEAR, lag=3",3,-247708.6834662885,401041.0754194418,348420.9589465145,-21.449954020424258,26.953173516845098
check_300000+,Univariate Amazon,"NNET, lag=3",3,-72650.0047221458,382704.053083485,326748.93477677094,-9.707136820618356,25.007934419029986
check_300000+,Multivariate Amzn Twttr,"VECM, lag=4",4,82979.98894324286,584065.4134194697,504029.5954023652,-0.1665381207362624,35.53478613151052
check_300000+,Univariate Amazon,"LINEAR, lag=4",4,-309729.070435078,439121.6881190088,374377.0164044417,-25.93024723343533,29.25943601224869
check_300000+,Univariate Amazon,"NNET, lag=4",4,49041.834724294196,353404.45867641835,277584.5350116648,-1.0033630132742042,19.9095936093542
check_300000+,Multivariate Amzn Twttr,"VECM, lag=5",5,145457.0312239714,568180.6911202202,492145.5001318408,4.621223974680484,33.90733379862055
check_300000+,Univariate Amazon,"LINEAR, lag=5",5,-366068.7452994916,478403.3740069203,413327.653435591,-30.002802046096576,32.392732153747026
check_300000+,Univariate Amazon,"NNET, lag=5",5,-291762.451534631,479580.8706493415,371761.2450732777,-26.05246972309997,30.09808848143264
cotton_0..1000,Multivariate Amzn Twttr,"VECM, lag=1",1,37.44447194938579,79.47781058813561,59.26431226411405,6.693930613450359,13.25444686583495
cotton_0..1000,Univariate Amazon,"LINEAR, lag=1",1,53.8321285400648,88.31273390161383,63.349727287714515,10.754999186875663,13.671412257641226
cotton_0..1000,Univariate Amazon,"NNET, lag=1",1,58.91737346349844,88.11025134769832,64.12168376829274,12.63690183525728,14.204077654803033
cotton_0..1000,Multivariate Amzn Twttr,"VECM, lag=2",2,39.07596849649411,81.57260418534642,59.78434822973253,6.992750487137835,13.273998645858363
cotton_0..1000,Univariate Amazon,"LINEAR, lag=2",2,61.160315632081605,91.9381651104735,66.41552808663539,12.664829540816026,14.307083432864085
cotton_0..1000,Univariate Amazon,"NNET, lag=2",2,38.89112694836947,67.55490707812876,49.13958007288358,7.8850425794706185,11.026897648254293
cotton_0..1000,Multivariate Amzn Twttr,"VECM, lag=3",3,40.03755178432759,83.90524568021992,63.990519441624585,7.249070671898906,14.350231055441949
cotton_0..1000,Univariate Amazon,"LINEAR, lag=3",3,70.43928305084256,101.333098177345,73.93743438050384,14.771955166242417,15.865127456761568
cotton_0..1000,Univariate Amazon,"NNET, lag=3",3,78.61685445738672,115.9296465686436,83.66159194709704,16.3093386902227,17.874252004855872
cotton_0..1000,Multivariate Amzn Twttr,"VECM, lag=4",4,42.87352851851639,85.69568255470442,66.31953326386017,7.9244680454765355,14.871301142428006
cotton_0..1000,Univariate Amazon,"LINEAR, lag=4",4,75.37024865782254,105.80312890112639,77.56115631141947,15.953266170461305,16.63792481221034
cotton_0..1000,Univariate Amazon,"NNET, lag=4",4,82.4294870129662,105.69170720215672,82.4294870129662,18.493541139272345,18.493541139272345
cotton_0..1000,Multivariate Amzn Twttr,"VECM, lag=5",5,47.181428303693956,92.16441528201896,71.19232532963136,8.774143845098369,15.950917755423605
cotton_0..1000,Univariate Amazon,"LINEAR, lag=5",5,79.455526047538,110.07290564887298,80.75300006705967,16.900831549761502,17.306292180862023
cotton_0..1000,Univariate Amazon,"NNET, lag=5",5,100.2637065599649,128.2476965188424,100.2637065599649,22.059220989964047,22.059220989964047
cotton_001001..5000,Multivariate Amzn Twttr,"VECM, lag=1",1,-8.266846297073073,196.19675222722435,158.55945921883227,-0.7338583477821468,6.5258752462652145
cotton_001001..5000,Univariate Amazon,"LINEAR, lag=1",1,-50.54358860753234,188.4580987573129,138.64727800813887,-2.409502469511303,5.779238903554587
cotton_001001..5000,Univariate Amazon,"NNET, lag=1",1,-26.97229177793588,165.21207304366445,151.88846907960453,-1.5466508989776957,6.258751250970911
cotton_001001..5000,Multivariate Amzn Twttr,"VECM, lag=2",2,-18.570873001400514,204.0804632369269,150.74035142478454,-1.0940231914041854,6.2561948975493324
cotton_001001..5000,Univariate Amazon,"LINEAR, lag=2",2,-62.439245419768326,165.86521395260647,122.29454238958135,-2.860991204988471,5.1487639717307605
cotton_001001..5000,Univariate Amazon,"NNET, lag=2",2,8.562446571307191,201.14004002992627,163.7497539702132,0.0725825022647758,6.7340135684506865
cotton_001001..5000,Multivariate Amzn Twttr,"VECM, lag=3",3,-3.378583759471212,186.53705342132812,139.1610928193021,-0.45002919925957374,5.749204110804115
cotton_001001..5000,Univariate Amazon,"LINEAR, lag=3",3,-78.4736988786222,167.20798796320634,134.68975289572228,-3.5733171790296154,5.678487947259587
cotton_001001..5000,Univariate Amazon,"NNET, lag=3",3,-83.72086268033712,198.33456533865967,172.72822938586404,-3.908899957975493,7.243052217066516
cotton_001001..5000,Multivariate Amzn Twttr,"VECM, lag=4",4,7.213557878500751,191.27778477538396,153.1469429518528,-0.05137871334798527,6.293209681346625
cotton_001001..5000,Univariate Amazon,"LINEAR, lag=4",4,-82.39676445471252,161.2687067517749,133.85964338005795,-3.7447894418045227,5.6721537161947815
cotton_001001..5000,Univariate Amazon,"NNET, lag=4",4,-127.59985277391121,202.46010659835093,171.4533091322948,-5.671062647527643,7.313372113728206
cotton_001001..5000,Multivariate Amzn Twttr,"VECM, lag=5",5,0.393646599086253,194.71912902601548,154.84226121593673,-0.3119113349095579,6.400961885682106
cotton_001001..5000,Univariate Amazon,"LINEAR, lag=5",5,-87.82074868782752,170.09659093653417,152.32473629516824,-4.007847036923651,6.424131841663667
cotton_001001..5000,Univariate Amazon,"NNET, lag=5",5,-82.45113149829388,168.10435290405363,155.64046857113726,-3.781164371266442,6.5233236863619695
cotton_005001..10000,Multivariate Amzn Twttr,"VECM, lag=1",1,73.7867614590416,522.4500752967855,442.8011977707488,0.6434228476623949,6.174333632690474
cotton_005001..10000,Univariate Amazon,"LINEAR, lag=1",1,24.96426006638046,396.63931618558956,311.28299299926505,0.04257691200002289,4.359830926971874
cotton_005001..10000,Univariate Amazon,"NNET, lag=1",1,-300.50833224339556,693.1383323335484,597.8396818455345,-4.569350161003326,8.533632879892068
cotton_005001..10000,Multivariate Amzn Twttr,"VECM, lag=2",2,-28.261699822169362,488.85797535061664,410.4716589902456,-0.7519407608549329,5.774739753769534
cotton_005001..10000,Univariate Amazon,"LINEAR, lag=2",2,37.367824772253584,425.56013817844894,340.5428516214614,0.19131789877831817,4.740358889442125
cotton_005001..10000,Univariate Amazon,"NNET, lag=2",2,69.19214588290197,392.54759558051126,326.33781720244997,0.6705634872437647,4.55485804793516
cotton_005001..10000,Multivariate Amzn Twttr,"VECM, lag=3",3,-13.486261409892904,472.3323439569461,393.30070321635844,-0.5422892709586025,5.53397342941771
cotton_005001..10000,Univariate Amazon,"LINEAR, lag=3",3,41.27811809015486,413.5080521041463,331.87052758051584,0.2536900187754141,4.624646911815142
cotton_005001..10000,Univariate Amazon,"NNET, lag=3",3,181.86862804150758,446.8279159046506,372.3832256042832,2.2250287603836885,5.110140806612696
cotton_005001..10000,Multivariate Amzn Twttr,"VECM, lag=4",4,-56.7340808725653,475.35828735419136,396.47565885395284,-1.0863467182176725,5.550626625527487
cotton_005001..10000,Univariate Amazon,"LINEAR, lag=4",4,35.31926279848551,405.76230871219457,325.4141448663039,0.17593498973083266,4.538714553170492
cotton_005001..10000,Univariate Amazon,"NNET, lag=4",4,-100.82784503405856,448.3186248963942,353.1213570276459,-1.745695969758854,5.036138986844138
cotton_005001..10000,Multivariate Amzn Twttr,"VECM, lag=5",5,-82.71412022636866,478.36978077914404,452.2076479231556,-1.4549832627758033,6.349689590317567
cotton_005001..10000,Univariate Amazon,"LINEAR, lag=5",5,34.97364671008779,408.7989082134356,328.0874752763392,0.1688106463974567,4.573346387455171
cotton_005001..10000,Univariate Amazon,"NNET, lag=5",5,-132.0188717505315,453.18703907033233,336.61461009503694,-2.0701558807002787,4.813635156727747
cotton_010001..20000,Multivariate Amzn Twttr,"VECM, lag=1",1,217.95659867112113,902.6671142001744,710.7958362524298,1.3189387541220463,4.887460353963829
cotton_010001..20000,Univariate Amazon,"LINEAR, lag=1",1,-360.79007376133586,872.3212575283435,715.7690807199178,-2.855455701312773,5.0894330893466435
cotton_010001..20000,Univariate Amazon,"NNET, lag=1",1,27.9575355747736,1067.4808425842268,860.5718437940543,-0.14718364530781392,5.98202170488131
cotton_010001..20000,Multivariate Amzn Twttr,"VECM, lag=2",2,43.8298055569519,879.6056021768546,619.014786772271,0.03814225359435819,4.243465783701232
cotton_010001..20000,Univariate Amazon,"LINEAR, lag=2",2,-385.44112919114923,928.0253300923338,767.1056921532013,-3.047641115445489,5.449557811241915
cotton_010001..20000,Univariate Amazon,"NNET, lag=2",2,-969.6721660639273,1180.9698259181441,1017.655654944399,-7.11773973670282,7.419712605679987
cotton_010001..20000,Multivariate Amzn Twttr,"VECM, lag=3",3,3.679145499415881,844.4706782562107,557.469331476766,-0.24376850483354295,3.8367223065416463
cotton_010001..20000,Univariate Amazon,"LINEAR, lag=3",3,-396.47134819772555,818.6356958822336,680.1842706225484,-3.081304417632511,4.866785364295966
cotton_010001..20000,Univariate Amazon,"NNET, lag=3",3,-894.8327129519894,1187.571750872953,1091.770882953158,-6.63414859255039,7.873532922324893
cotton_010001..20000,Multivariate Amzn Twttr,"VECM, lag=4",4,-131.81470200556487,982.511733274191,723.6908779362179,-1.2491768393410654,5.002882969424602
cotton_010001..20000,Univariate Amazon,"LINEAR, lag=4",4,-399.91635164644913,886.0960919129043,726.6542347155387,-3.1372395969946334,5.193488074459011
cotton_010001..20000,Univariate Amazon,"NNET, lag=4",4,-226.90697256645967,845.0813418049853,621.4898635144334,-1.9165538893567113,4.403015014023702
cotton_010001..20000,Multivariate Amzn Twttr,"VECM, lag=5",5,-66.48975998767241,978.7969578410009,738.4694685696534,-0.7819095758159693,5.084264986412095
cotton_010001..20000,Univariate Amazon,"LINEAR, lag=5",5,-404.6876939574104,898.7080270628911,736.1811180169861,-3.1756584564490886,5.261834819316149
cotton_010001..20000,Univariate Amazon,"NNET, lag=5",5,-599.8662454421715,804.6947111086437,599.8662454421715,-4.403614065021435,4.403614065021435
cotton_020001..30000,Multivariate Amzn Twttr,"VECM, lag=1",1,191.77250963065126,741.9482124760119,638.3459638982567,0.7145918446454897,2.5956378825926962
cotton_020001..30000,Univariate Amazon,"LINEAR, lag=1",1,633.7865093492333,928.9688320343124,783.6491819765511,2.508642515898432,3.140936482867083
cotton_020001..30000,Univariate Amazon,"NNET, lag=1",1,356.93975582962094,746.8422828118324,651.5793823026956,1.3861870012054838,2.6268150800224985
cotton_020001..30000,Multivariate Amzn Twttr,"VECM, lag=2",2,91.26250335098894,823.1577015862018,627.982362301173,0.29285688912292196,2.553001501795575
cotton_020001..30000,Univariate Amazon,"LINEAR, lag=2",2,777.7026346400344,1010.8862230836587,854.7317389109021,3.096545930752419,3.4216318318744605
cotton_020001..30000,Univariate Amazon,"NNET, lag=2",2,362.12448349738725,740.412855996918,600.3056524469071,1.4047571465659037,2.407337805458608
cotton_020001..30000,Multivariate Amzn Twttr,"VECM, lag=3",3,65.66088423356359,879.1906818198819,696.4101413464614,0.180766931915455,2.835030102904186
cotton_020001..30000,Univariate Amazon,"LINEAR, lag=3",3,866.2658690785242,1073.2843892067472,905.1666104285991,3.4586285403093777,3.622801325074412
cotton_020001..30000,Univariate Amazon,"NNET, lag=3",3,508.99189729043565,809.3018178602821,682.9952009496515,2.0108238255167366,2.743235086998359
cotton_020001..30000,Multivariate Amzn Twttr,"VECM, lag=4",4,12.687464778830417,881.908008122695,678.7007380728323,-0.034856554670887,2.7648598029714497
cotton_020001..30000,Univariate Amazon,"LINEAR, lag=4",4,1001.1538097476664,1181.7471356546862,1001.1538097476664,4.006573019383587,4.006573019383587
cotton_020001..30000,Univariate Amazon,"NNET, lag=4",4,219.6616012635568,727.0006399745303,559.1817592964744,0.8206694777858308,2.249047999566077
cotton_020001..30000,Multivariate Amzn Twttr,"VECM, lag=5",5,61.43352458398704,943.7806847525565,739.9079513894517,0.16483479308185078,2.988605065491928
cotton_020001..30000,Univariate Amazon,"LINEAR, lag=5",5,1066.5229466996248,1234.5151774088415,1066.5229466996248,4.272877542989674,4.272877542989674
cotton_020001..30000,Univariate Amazon,"NNET, lag=5",5,844.831258971702,1085.3877698324718,844.831258971702,3.380661135738655,3.380661135738655
cotton_030001..40000,Multivariate Amzn Twttr,"VECM, lag=1",1,-70.77064824821628,671.0533887411597,553.8774952846934,-0.22468803918868718,1.6151894569787717
cotton_030001..40000,Univariate Amazon,"LINEAR, lag=1",1,-371.94888349207395,627.2273466763917,509.45661140285665,-1.0984833037430732,1.4865174150791352
cotton_030001..40000,Univariate Amazon,"NNET, lag=1",1,359.3822958300934,889.1908474972147,836.4810065222246,1.0082731074552875,2.4070557022944747
cotton_030001..40000,Multivariate Amzn Twttr,"VECM, lag=2",2,62.81091742539684,624.5152156902664,547.103321984212,0.1604194930524726,1.5900334214834209
cotton_030001..40000,Univariate Amazon,"LINEAR, lag=2",2,-472.19824847788095,721.4433572021202,602.1367373889016,-1.3908677205616133,1.7574571201180882
cotton_030001..40000,Univariate Amazon,"NNET, lag=2",2,-437.18372316969,708.1835849382328,584.4173284822809,-1.2901993698189251,1.7059960239309244
cotton_030001..40000,Multivariate Amzn Twttr,"VECM, lag=3",3,100.67399846695662,666.5286717679919,604.7527366834111,0.2673024221942323,1.7549857946898628
cotton_030001..40000,Univariate Amazon,"LINEAR, lag=3",3,-471.8144767090953,736.6449538457503,608.0383787969868,-1.3907241862190627,1.7752653351487218
cotton_030001..40000,Univariate Amazon,"NNET, lag=3",3,-106.47179914696972,1141.3606162747155,810.4381576140458,-0.3315211656382669,2.333056178153882
cotton_030001..40000,Multivariate Amzn Twttr,"VECM, lag=4",4,166.53684449008506,611.9579788813063,509.4624422279139,0.4565845375710974,1.4743359840590406
cotton_030001..40000,Univariate Amazon,"LINEAR, lag=4",4,-442.26214754988814,711.9552594696679,586.4705810201003,-1.3049595039425885,1.7121881900745575
cotton_030001..40000,Univariate Amazon,"NNET, lag=4",4,-516.9449851973322,718.3534881012549,587.6413128385748,-1.5176082623508758,1.716853873199313
cotton_030001..40000,Multivariate Amzn Twttr,"VECM, lag=5",5,67.9315435629951,954.834573555803,771.2615186753528,0.17266591629797062,2.2511415876591983
cotton_030001..40000,Univariate Amazon,"LINEAR, lag=5",5,-431.6706208586147,701.5022277242637,577.4535781830582,-1.2741004253907025,1.6857953227784268
cotton_030001..40000,Univariate Amazon,"NNET, lag=5",5,-521.8899362930661,932.7905024214558,737.6879625150468,-1.5414418799108596,2.151721555386043
cotton_150001..200000,Multivariate Amzn Twttr,"VECM, lag=1",1,772.6419314631748,4115.049057059355,3445.5872507639106,0.39974190936360626,2.031159794890966
cotton_150001..200000,Univariate Amazon,"LINEAR, lag=1",1,-1567.0044976244353,5513.730483911889,4410.0736488851435,-1.0026272322889485,2.6099697760536684
cotton_150001..200000,Univariate Amazon,"NNET, lag=1",1,-1287.8042017273983,5769.196060785885,4880.667355705737,-0.8430978049591231,2.8865519111048767
cotton_150001..200000,Multivariate Amzn Twttr,"VECM, lag=2",2,1033.2417764350612,4446.267886742414,3528.329284009029,0.5455912375542677,2.077802165951501
cotton_150001..200000,Univariate Amazon,"LINEAR, lag=2",2,-1429.0417645057169,5715.174303087407,4673.795395352296,-0.9255633119622751,2.7625899681591575
cotton_150001..200000,Univariate Amazon,"NNET, lag=2",2,-1981.142433087396,5130.933155701527,4091.533965086808,-1.2358807171586603,2.4313009744923084
cotton_150001..200000,Multivariate Amzn Twttr,"VECM, lag=3",3,1273.8677871241453,4926.548745159428,3915.3578863870716,0.6781793849861161,2.2913516693624407
cotton_150001..200000,Univariate Amazon,"LINEAR, lag=3",3,-854.7461403913294,5161.084781979268,4194.650588212742,-0.5833663676729184,2.4766460747872214
cotton_150001..200000,Univariate Amazon,"NNET, lag=3",3,1673.0569606586905,6274.004737780488,5550.891531413898,0.8780012368136434,3.2414881939350875
cotton_150001..200000,Multivariate Amzn Twttr,"VECM, lag=4",4,1401.2121136416245,4682.202157760611,3766.223536830803,0.7533302128421437,2.2009359417647163
cotton_150001..200000,Univariate Amazon,"LINEAR, lag=4",4,-564.1243037223576,4775.291957263122,3724.8048498678727,-0.4083002305271576,2.200503976543197
cotton_150001..200000,Univariate Amazon,"NNET, lag=4",4,-166.5432832070037,5673.1710057158225,4666.719836613815,-0.18879806768982998,2.754763672414465
cotton_150001..200000,Multivariate Amzn Twttr,"VECM, lag=5",5,1550.5343525482058,6127.0772100662625,5100.074534023635,0.821516682752871,2.990487135739701
cotton_150001..200000,Univariate Amazon,"LINEAR, lag=5",5,-687.6179637323185,4835.81559307085,3741.1781841047814,-0.4812193760115131,2.211540197728889
cotton_150001..200000,Univariate Amazon,"NNET, lag=5",5,-733.8279436583252,4920.128523636866,3616.4099959736923,-0.4992516210176563,2.1456435132955827
cotton_300000+,Multivariate Amzn Twttr,"VECM, lag=1",1,-35110.421283098956,184805.7001131003,166288.76436081683,-3.1642720339140036,10.916508065098371
cotton_300000+,Univariate Amazon,"LINEAR, lag=1",1,-104199.10202147075,199930.2823564091,193158.24419386798,-8.108579902425955,13.090302543698094
cotton_300000+,Univariate Amazon,"NNET, lag=1",1,3704.560927952669,220400.30719441947,172419.28669986184,-0.8934577892926692,10.812499264651022
cotton_300000+,Multivariate Amzn Twttr,"VECM, lag=2",2,-40278.78191300144,173293.3235126834,148847.91792891885,-3.437138200664893,9.792659846196056
cotton_300000+,Univariate Amazon,"LINEAR, lag=2",2,-147729.8958583124,220831.59260840752,211429.83639544304,-11.164191496680898,14.705867945099929
cotton_300000+,Univariate Amazon,"NNET, lag=2",2,-139768.84075030894,239860.33334577686,215812.02276678884,-10.422516201285308,14.629576513790855
cotton_300000+,Multivariate Amzn Twttr,"VECM, lag=3",3,-48691.04264683678,168558.52717932986,129749.0926197907,-4.0070787369152026,8.484812888991593
cotton_300000+,Univariate Amazon,"LINEAR, lag=3",3,-177984.06943243332,242280.96645813817,227011.04749759033,-13.284856653701993,15.984930769496838
cotton_300000+,Univariate Amazon,"NNET, lag=3",3,-39553.935150260484,276251.77252285095,201480.99339684218,-3.0715593943207913,12.952122195826927
cotton_300000+,Multivariate Amzn Twttr,"VECM, lag=4",4,-15591.389710360585,218391.6778094435,153215.24439750417,-2.1318949863925596,9.731349088442345
cotton_300000+,Univariate Amazon,"LINEAR, lag=4",4,-205796.87393877102,263220.5861568476,240364.26362007804,-15.233730637487144,17.106212911010836
cotton_300000+,Univariate Amazon,"NNET, lag=4",4,-85002.0787393843,451106.4237060252,343934.1818673957,-7.293332234605097,21.985226582783188
cotton_300000+,Multivariate Amzn Twttr,"VECM, lag=5",5,-29316.86993678604,246002.99798931077,175347.92712267928,-3.1500698918806003,11.161101143140451
cotton_300000+,Univariate Amazon,"LINEAR, lag=5",5,-228851.64434078606,281888.1376270995,257804.9877610577,-16.850213705287665,18.41858848896478
cotton_300000+,Univariate Amazon,"NNET, lag=5",5,-886478.2832739679,1607385.8703642183,886478.2832739679,-64.05857444048623,64.05857444048623
crop-top_0..1000,Multivariate Amzn Twttr,"VECM, lag=1",1,67.54336062385156,122.43461793114275,103.01481650140187,6.613520462847005,25.1146560544843
crop-top_0..1000,Univariate Amazon,"LINEAR, lag=1",1,111.33932209581357,165.29801156526372,138.77471415475597,14.7298304808415,29.624363678932376
crop-top_0..1000,Univariate Amazon,"NNET, lag=1",1,116.54717406018581,176.6649579432693,146.7381816429981,15.777898256773634,30.646132882867434
crop-top_0..1000,Multivariate Amzn Twttr,"VECM, lag=2",2,84.60205407794143,131.6697403797971,111.30637839700603,10.67692326958362,25.400639371298617
crop-top_0..1000,Univariate Amazon,"LINEAR, lag=2",2,148.88749074065205,205.64892207512116,175.06129280978269,20.988111601288455,35.52911275080547
crop-top_0..1000,Univariate Amazon,"NNET, lag=2",2,130.79492214770696,214.94094532835044,178.59930694766268,13.810522831022357,38.735075407665974
crop-top_0..1000,Multivariate Amzn Twttr,"VECM, lag=3",3,106.05870610103315,146.7381800072088,127.55532969567878,15.916663615065847,27.859232278757855
crop-top_0..1000,Univariate Amazon,"LINEAR, lag=3",3,157.15542727578168,216.79159985337733,183.34814796548704,22.255401897592407,36.80691339187317
crop-top_0..1000,Univariate Amazon,"NNET, lag=3",3,115.37596384730058,206.5456165846142,173.79740465416012,9.23782447357119,41.69418047738205
crop-top_0..1000,Multivariate Amzn Twttr,"VECM, lag=4",4,110.06984635772577,150.64563132756837,133.30753644477173,17.2395222455197,29.46738849041813
crop-top_0..1000,Univariate Amazon,"LINEAR, lag=4",4,163.4017275841543,224.89199019058046,188.846904328486,23.364098616233363,37.50030791863988
crop-top_0..1000,Univariate Amazon,"NNET, lag=4",4,141.07955530947223,203.13759675757714,164.80178404367476,20.159728924993054,33.33874488843891
crop-top_0..1000,Multivariate Amzn Twttr,"VECM, lag=5",5,105.40891775081057,147.00370817535892,129.64564337349083,16.271478994753956,29.235510821932486
crop-top_0..1000,Univariate Amazon,"LINEAR, lag=5",5,172.0189707217631,235.56516101733254,196.99905432275315,24.864744920261607,38.742569143033855
crop-top_0..1000,Univariate Amazon,"NNET, lag=5",5,140.87809533499365,209.64031402339015,183.2267306877153,17.974822709706956,38.69497976237475
crop-top_010001..20000,Multivariate Amzn Twttr,"VECM, lag=1",1,231.2110282724757,1915.89458611298,1553.332403283533,1.0799935874815885,11.14579844235288
crop-top_010001..20000,Univariate Amazon,"LINEAR, lag=1",1,-947.6373158662911,1663.1329840637143,1171.2194945486465,-7.638098515888014,9.118918861208554
crop-top_010001..20000,Univariate Amazon,"NNET, lag=1",1,-810.3837018790987,1274.1252660367697,810.3837018790987,-6.382190342386643,6.382190342386643
crop-top_010001..20000,Multivariate Amzn Twttr,"VECM, lag=2",2,185.88591379058016,1990.6795906796192,1576.4899288753727,0.775788321624346,11.35162006147806
crop-top_010001..20000,Univariate Amazon,"LINEAR, lag=2",2,-1189.30120922047,1734.6363763846662,1320.2929972485745,-9.327086811815796,10.190408422756974
crop-top_010001..20000,Univariate Amazon,"NNET, lag=2",2,-1372.311916313022,2051.8039176981074,1718.7994966678514,-10.595069463876374,12.906220519304753
crop-top_010001..20000,Multivariate Amzn Twttr,"VECM, lag=3",3,244.69068531959215,2161.026135643192,1682.3101828581946,0.9844195251943999,12.194010136665316
crop-top_010001..20000,Univariate Amazon,"LINEAR, lag=3",3,-1303.081369588979,1762.5434566118338,1303.081369588979,-10.142272940356637,10.142272940356637
crop-top_010001..20000,Univariate Amazon,"NNET, lag=3",3,-2029.6212013655304,2403.4914570324395,2029.6212013655304,-15.455272344207376,15.455272344207376
crop-top_010001..20000,Multivariate Amzn Twttr,"VECM, lag=4",4,954.4725932669479,3057.68421488341,2712.694263831435,6.290708260708117,19.70925838846786
crop-top_010001..20000,Univariate Amazon,"LINEAR, lag=4",4,-1240.28888824602,1679.3073114193326,1254.9289152491308,-9.647106421747804,9.743593780893068
crop-top_010001..20000,Univariate Amazon,"NNET, lag=4",4,-2535.619669693669,3040.7599350577993,2535.619669693669,-19.34321110651807,19.34321110651807
crop-top_010001..20000,Multivariate Amzn Twttr,"VECM, lag=5",5,691.7782591600708,4605.050183363901,3661.5377729488064,3.227291716852859,27.726239690655575
crop-top_010001..20000,Univariate Amazon,"LINEAR, lag=5",5,-1221.1157799344646,1661.464369868184,1221.1157799344646,-9.514359350857388,9.514359350857388
crop-top_010001..20000,Univariate Amazon,"NNET, lag=5",5,-1695.417288351178,2055.496507088418,1695.417288351178,-12.895378270453595,12.895378270453595
fade_001001..5000,Multivariate Amzn Twttr,"VECM, lag=1",1,240.0729801278816,452.4258672075479,379.7879239077737,7.545979213519523,16.91037830509321
fade_001001..5000,Univariate Amazon,"LINEAR, lag=1",1,129.5616442697929,456.36423524483746,400.9925358044907,0.6138647889221769,18.715191463734584
fade_001001..5000,Univariate Amazon,"NNET, lag=1",1,131.2241624739071,424.8334596763258,369.44535902059476,1.3900064403895573,17.239677527644716
fade_001001..5000,Multivariate Amzn Twttr,"VECM, lag=2",2,286.5992741820392,505.68506661590857,422.79132329603925,9.14580790208771,18.31578338679982
fade_001001..5000,Univariate Amazon,"LINEAR, lag=2",2,74.09795597759432,477.1032579170371,427.3975704398689,-2.800517244460819,20.59942300400793
fade_001001..5000,Univariate Amazon,"NNET, lag=2",2,91.98238229519981,410.18920943474535,360.33322956263135,-0.41860050935034643,17.368143079461618
fade_001001..5000,Multivariate Amzn Twttr,"VECM, lag=3",3,343.20666300804965,595.6675633740148,463.9524941433742,10.672263278007543,18.70959777126332
fade_001001..5000,Univariate Amazon,"LINEAR, lag=3",3,29.262045684274142,480.3183607716737,440.3535569341512,-5.242699976817628,21.76244100893514
fade_001001..5000,Univariate Amazon,"NNET, lag=3",3,99.42376377215467,400.6825618038577,355.15981495753533,0.05957450293579569,16.841184453013845
fade_001001..5000,Multivariate Amzn Twttr,"VECM, lag=4",4,319.48420351681636,561.2224959951601,437.4829694007975,9.97883844727344,17.76269233812083
fade_001001..5000,Univariate Amazon,"LINEAR, lag=4",4,-5.604094134078224,522.0909644967624,479.86631303473894,-7.654819124464456,24.08473285069184
fade_001001..5000,Univariate Amazon,"NNET, lag=4",4,-1.4204841920367528,318.20891086675556,286.66511257058494,-4.256333394197609,14.792388336819132
fade_001001..5000,Multivariate Amzn Twttr,"VECM, lag=5",5,312.66409484330427,557.2340532310988,445.3992249900125,9.690564811914847,18.48919905780504
fade_001001..5000,Univariate Amazon,"LINEAR, lag=5",5,-33.391442961122266,547.4868281467627,501.7462640469523,-9.418037946752092,25.471284540872823
fade_001001..5000,Univariate Amazon,"NNET, lag=5",5,-10.050136617730175,519.8880524543601,505.81189768968085,-7.501954660821358,25.648449323010286
floral_0..1000,Multivariate Amzn Twttr,"VECM, lag=1",1,18.22328432714044,50.21465402141128,40.85421745870597,4.567777148761834,14.051481084558114
floral_0..1000,Univariate Amazon,"LINEAR, lag=1",1,15.124933957202387,52.71901317275828,40.641729471061666,2.979431250594186,13.758513288615402
floral_0..1000,Univariate Amazon,"NNET, lag=1",1,1.2301414245155797,44.88845999314338,36.41098174490611,-2.1234121003622155,12.785714496641452
floral_0..1000,Multivariate Amzn Twttr,"VECM, lag=2",2,18.793112341709936,58.11125576585505,47.57288583839995,4.179716234450925,16.391521414106588
floral_0..1000,Univariate Amazon,"LINEAR, lag=2",2,14.245604486917884,54.58741676158978,40.70791513541641,2.3131716249763756,13.766679563401613
floral_0..1000,Univariate Amazon,"NNET, lag=2",2,-8.804055968501263,50.8072956530157,38.694811688980124,-6.126108756670875,14.225197520818
floral_0..1000,Multivariate Amzn Twttr,"VECM, lag=3",3,16.630697488891315,54.25553847950444,39.56629072951846,3.284626084131658,13.231732976138067
floral_0..1000,Univariate Amazon,"LINEAR, lag=3",3,13.901147479418306,52.95533622784524,38.49730482039984,2.2568183319519335,12.96590045501883
floral_0..1000,Univariate Amazon,"NNET, lag=3",3,-12.361830107522927,55.0239597645285,45.19496433862637,-8.02218924955751,16.92000213112228
floral_0..1000,Multivariate Amzn Twttr,"VECM, lag=4",4,20.17732181061649,56.409495764478315,41.69579745437038,4.588275903310258,13.943590442494513
floral_0..1000,Univariate Amazon,"LINEAR, lag=4",4,14.456729295125978,52.28961329690324,37.257082870345954,2.4956219617389213,12.446623135337859
floral_0..1000,Univariate Amazon,"NNET, lag=4",4,-10.962864937319829,55.14126745845519,45.57254231358457,-7.550149715353666,16.959855191625966
floral_0..1000,Multivariate Amzn Twttr,"VECM, lag=5",5,16.4021265831391,58.576781931902524,42.79529348402139,2.8919348515398138,14.46861838693238
floral_0..1000,Univariate Amazon,"LINEAR, lag=5",5,14.84775305794728,52.92439470083206,37.84808767806651,2.575188701434729,12.655798435956566
floral_0..1000,Univariate Amazon,"NNET, lag=5",5,-15.03615991890856,51.855424909671854,45.1012465142399,-8.820122007452614,17.079924185092743
floral_001001..5000,Multivariate Amzn Twttr,"VECM, lag=1",1,80.37872732274474,308.2489124049392,240.9996702539409,2.2502459525759417,10.53242611003628
floral_001001..5000,Univariate Amazon,"LINEAR, lag=1",1,-76.74842674057754,288.76153508721745,225.7459033719873,-4.531343362844198,10.351880527418604
floral_001001..5000,Univariate Amazon,"NNET, lag=1",1,-111.70205910708336,273.45019634069007,197.4463131522985,-6.1206488682573585,9.50754903185958
floral_001001..5000,Multivariate Amzn Twttr,"VECM, lag=2",2,60.441907016604546,319.39594473011033,264.746587121203,1.2462593231229553,11.56734163538492
floral_001001..5000,Univariate Amazon,"LINEAR, lag=2",2,-127.99815988775396,297.3786442776497,230.31961267129617,-6.720789747959685,10.70195977143025
floral_001001..5000,Univariate Amazon,"NNET, lag=2",2,-170.93995031385748,306.8483097131306,204.8823811898783,-8.726258263343048,10.049928353289186
floral_001001..5000,Multivariate Amzn Twttr,"VECM, lag=3",3,45.75523524540591,315.59194447756744,280.37844467190763,0.5490713032376453,12.361110163468021
floral_001001..5000,Univariate Amazon,"LINEAR, lag=3",3,-174.40128009453827,313.9667250150973,245.72270486375805,-8.7437175053846,11.5138159199986
floral_001001..5000,Univariate Amazon,"NNET, lag=3",3,-167.80888847484215,303.3834662741234,199.9626972406425,-8.578886308614813,9.832768864977314
floral_001001..5000,Multivariate Amzn Twttr,"VECM, lag=4",4,52.178726108348485,299.96583487910686,266.97290817985896,0.9253947140091938,11.693203813529287
floral_001001..5000,Univariate Amazon,"LINEAR, lag=4",4,-215.33440398494554,337.2425043260503,268.170399307552,-10.55566796389089,12.605958818473988
floral_001001..5000,Univariate Amazon,"NNET, lag=4",4,-74.26975259364673,304.6156762552906,215.8486519814433,-4.265371753844972,9.893578866238053
floral_001001..5000,Multivariate Amzn Twttr,"VECM, lag=5",5,48.65334015744952,291.17930681892125,258.68928839511216,0.8909070920586348,11.273641342761948
floral_001001..5000,Univariate Amazon,"LINEAR, lag=5",5,-249.3504645813091,357.9943461131098,289.56541881843907,-12.047005067868412,13.607538798451648
floral_001001..5000,Univariate Amazon,"NNET, lag=5",5,-211.8972304750386,330.83628797095076,226.41978184657813,-10.505071427500436,11.068616300280393
floral_005001..10000,Multivariate Amzn Twttr,"VECM, lag=1",1,129.12195311765652,471.38262117350274,364.766303949781,1.4904964973628068,4.985859395135089
floral_005001..10000,Univariate Amazon,"LINEAR, lag=1",1,-137.02743792934905,417.3104704774483,366.1568106027727,-2.199935848054441,5.184882423409944
floral_005001..10000,Univariate Amazon,"NNET, lag=1",1,49.48228142611333,500.23045167063555,420.2423032816853,0.5123675411735904,5.979355021036797
floral_005001..10000,Multivariate Amzn Twttr,"VECM, lag=2",2,110.09442620436266,452.3857640285016,339.58062088870474,1.2572107291186463,4.626494257443206
floral_005001..10000,Univariate Amazon,"LINEAR, lag=2",2,-206.57868380617174,458.1329000576322,391.0801556709712,-3.1911338359437442,5.5669826710620915
floral_005001..10000,Univariate Amazon,"NNET, lag=2",2,-375.5540945188766,558.4814474851609,470.95808332991965,-5.551510484335569,6.766277204133395
floral_005001..10000,Multivariate Amzn Twttr,"VECM, lag=3",3,46.741768689485184,421.29883861819303,357.9099884776716,0.3785995318957067,4.946727493797326
floral_005001..10000,Univariate Amazon,"LINEAR, lag=3",3,-219.73623568419634,459.57559050792617,387.44216561598137,-3.372072309196651,5.532230470036872
floral_005001..10000,Univariate Amazon,"NNET, lag=3",3,-233.98047308021478,506.3805406542991,430.44429810045517,-3.597599213556873,6.152315210322085
floral_005001..10000,Multivariate Amzn Twttr,"VECM, lag=4",4,20.43339023574572,376.85283202243556,331.3484332267799,0.036533722417660064,4.601967509079698
floral_005001..10000,Univariate Amazon,"LINEAR, lag=4",4,-240.0411389491527,468.972888494636,392.6120164828575,-3.65555437389769,5.6169747673382275
floral_005001..10000,Univariate Amazon,"NNET, lag=4",4,-163.28395233827985,484.2524014152801,399.9085690057183,-2.5569472139616782,5.698286876304369
floral_005001..10000,Multivariate Amzn Twttr,"VECM, lag=5",5,29.918333706885733,428.047453710802,369.86765961336596,0.10667074946931276,5.133144398557037
floral_005001..10000,Univariate Amazon,"LINEAR, lag=5",5,-252.18678232449565,476.88660802520013,397.3406858635142,-3.826670404970444,5.688995016857578
floral_005001..10000,Univariate Amazon,"NNET, lag=5",5,-137.37095154021438,475.9100835442547,392.1308631693561,-2.24864062224283,5.595595365343113
floral_010001..20000,Multivariate Amzn Twttr,"VECM, lag=1",1,42.935327320489705,2169.8133993480033,1861.8033891378232,-1.1066419558258305,13.598366387773055
floral_010001..20000,Univariate Amazon,"LINEAR, lag=1",1,-444.52311634637476,1409.6883999056738,1123.3688137727288,-4.059890788638736,8.426194276060043
floral_010001..20000,Univariate Amazon,"NNET, lag=1",1,270.2588088883881,1134.805632972389,987.6688690933761,1.2337617471201812,6.987333750040083
floral_010001..20000,Multivariate Amzn Twttr,"VECM, lag=2",2,9.952794346654173,1976.3885943618677,1632.103942397559,-1.281912461045769,11.862945059046549
floral_010001..20000,Univariate Amazon,"LINEAR, lag=2",2,-499.4760929441286,1246.0169722076641,1108.1265320477119,-4.430364144239198,8.296224324222653
floral_010001..20000,Univariate Amazon,"NNET, lag=2",2,-91.27356142253689,869.75390497585,648.5692846563409,-1.1821583238018756,4.879685651659191
floral_010001..20000,Multivariate Amzn Twttr,"VECM, lag=3",3,-38.51289091613421,2171.4381295697813,1721.8056736608726,-1.7399568062504471,12.514651797513109
floral_010001..20000,Univariate Amazon,"LINEAR, lag=3",3,-466.5418417891942,1442.3286573452638,1357.7016323250746,-4.346031105853543,10.044698122617337
floral_010001..20000,Univariate Amazon,"NNET, lag=3",3,-99.13771270852976,1236.6364812852057,1090.4665478921224,-0.8690736044875143,8.1612644867628
floral_010001..20000,Multivariate Amzn Twttr,"VECM, lag=4",4,295.2463346920799,2681.02878061663,2499.0275179051605,0.7234097619679138,17.91714102411677
floral_010001..20000,Univariate Amazon,"LINEAR, lag=4",4,-404.0303030286643,1496.7329676873728,1394.054297140014,-3.955261016786848,10.277453329538671
floral_010001..20000,Univariate Amazon,"NNET, lag=4",4,-439.26370573413556,2433.1127838813986,2085.2564295764823,-4.460548113897058,15.16413723101582
floral_010001..20000,Multivariate Amzn Twttr,"VECM, lag=5",5,216.32602310105403,2774.663468125038,2384.9186603927824,0.051515419985384,17.180012678726353
floral_010001..20000,Univariate Amazon,"LINEAR, lag=5",5,-378.9678978124912,1497.404873946773,1366.7934974616078,-3.7859416724432005,10.0807126620991
floral_010001..20000,Univariate Amazon,"NNET, lag=5",5,28.673373244984532,2317.197568743739,1998.38240264515,-1.4201153998315807,14.445825030163789
floral_300000+,Multivariate Amzn Twttr,"VECM, lag=1",1,-129622.42760141917,313525.4611514052,230497.59061954537,-27.42102763783336,40.863107412190104
floral_300000+,Univariate Amazon,"LINEAR, lag=1",1,-417681.11529060674,501903.0200074767,417681.11529060674,-77.76400610867384,77.76400610867384
floral_300000+,Univariate Amazon,"NNET, lag=1",1,-590891.6694900825,739506.6445954251,622087.9280995914,-109.53493557708717,113.49037306791172
floral_300000+,Multivariate Amzn Twttr,"VECM, lag=2",2,-152315.53534373821,340172.5431188573,255247.98138602253,-32.17544728309692,46.14533901006262
floral_300000+,Univariate Amazon,"LINEAR, lag=2",2,-440756.8630027894,462350.9366598495,440756.8630027894,-81.2222837721711,81.2222837721711
floral_300000+,Univariate Amazon,"NNET, lag=2",2,-387781.0131512401,453666.74458386947,424950.77540483914,-71.99916739413311,76.71199764032511
floral_300000+,Multivariate Amzn Twttr,"VECM, lag=3",3,-45873.16672484395,317152.8837797459,296624.7304793281,-13.571220836165057,53.23800799843842
floral_300000+,Univariate Amazon,"LINEAR, lag=3",3,-740334.1327417601,776573.9572635662,740334.1327417601,-135.14636961902926,135.14636961902926
floral_300000+,Univariate Amazon,"NNET, lag=3",3,-767625.0056853774,817243.0823688499,767625.0056853774,-139.18653589628332,139.18653589628332
floral_300000+,Multivariate Amzn Twttr,"VECM, lag=4",4,-45957.540583232665,316320.2763030876,304721.1437984643,-14.985434889066013,54.13158402174064
floral_300000+,Univariate Amazon,"LINEAR, lag=4",4,-811428.2966557213,826925.4909334301,811428.2966557213,-147.46395303888676,147.46395303888676
floral_300000+,Univariate Amazon,"NNET, lag=4",4,-1327356.0143235554,1451040.2965741018,1371296.2338603628,-248.3800548249344,253.95132520983793
floral_300000+,Multivariate Amzn Twttr,"VECM, lag=5",5,-59903.95224853286,352954.67682911427,329140.5169479982,-18.282968538755682,58.52616188995759
floral_300000+,Univariate Amazon,"LINEAR, lag=5",5,-1026842.0694580129,1048641.4552230192,1026842.0694580129,-186.143166219004,186.143166219004
floral_300000+,Univariate Amazon,"NNET, lag=5",5,-1284425.5508866056,1338304.7511596181,1284425.5508866056,-232.57139790257378,232.57139790257378
green_010001..20000,Multivariate Amzn Twttr,"VECM, lag=1",1,58.74685927690393,1164.8131017037429,984.498684211969,0.12765446349346643,6.831944918249319
green_010001..20000,Univariate Amazon,"LINEAR, lag=1",1,58.615020563174994,631.6433599572741,541.1485029290764,0.23471272040068636,3.722731053537429
green_010001..20000,Univariate Amazon,"NNET, lag=1",1,184.22484863942987,941.9072538263108,845.393494183744,1.0207639619406907,5.807413426029465
green_010001..20000,Multivariate Amzn Twttr,"VECM, lag=2",2,211.82819717416646,1131.6572237448252,1024.1767087315845,1.1681861536325076,7.051927576060439
green_010001..20000,Univariate Amazon,"LINEAR, lag=2",2,29.75019895947321,617.6692044834571,503.64704177155386,0.04165049874244775,3.473680767910331
green_010001..20000,Univariate Amazon,"NNET, lag=2",2,139.8506530091904,466.9708378328716,389.8551470515931,0.8984070915607549,2.676699113258891
green_010001..20000,Multivariate Amzn Twttr,"VECM, lag=3",3,74.3330451568213,1171.39350218389,1025.7972795356222,0.23492750398126638,7.082561683274735
green_010001..20000,Univariate Amazon,"LINEAR, lag=3",3,16.12369005148389,580.9582206419924,471.8235694350208,-0.042436167923626866,3.257986558472878
green_010001..20000,Univariate Amazon,"NNET, lag=3",3,126.25267818871657,433.56139055079535,389.1924457233879,0.8109071198638917,2.6784083682572666
green_010001..20000,Multivariate Amzn Twttr,"VECM, lag=4",4,101.18970532005187,1212.2781363447832,1084.1975769437336,0.414352698404278,7.482513178773936
green_010001..20000,Univariate Amazon,"LINEAR, lag=4",4,23.43256122326443,578.1292692662764,478.89833965265484,0.007592142105388,3.300705645256465
green_010001..20000,Univariate Amazon,"NNET, lag=4",4,189.87094056725573,685.587927960256,575.7149696720612,1.1275739646971474,3.914321077606721
green_010001..20000,Multivariate Amzn Twttr,"VECM, lag=5",5,159.79715707243327,1168.8282904790044,969.5972285415453,0.8135965816829436,6.668206615365513
green_010001..20000,Univariate Amazon,"LINEAR, lag=5",5,19.249113453878863,572.8859453085249,471.6350541559657,-0.019618525811530063,3.251744077003091
green_010001..20000,Univariate Amazon,"NNET, lag=5",5,391.81063594420607,887.7423854079456,660.4552792326574,2.5243776245696745,4.470997300911718
green_300000+,Multivariate Amzn Twttr,"VECM, lag=1",1,-260402.89878585318,641324.390611316,512351.50990448287,-20.475041921433572,30.00587882599389
green_300000+,Univariate Amazon,"LINEAR, lag=1",1,-288508.62096922536,591949.5539710857,501634.7076891503,-23.39003101359504,30.775447178762047
green_300000+,Univariate Amazon,"NNET, lag=1",1,-207843.98818517796,478085.5901059035,407032.794442764,-15.217504759476428,25.250673330415392
green_300000+,Multivariate Amzn Twttr,"VECM, lag=2",2,-334704.85875898675,624488.2907556971,534134.3163008709,-25.684048684046665,32.57696087018324
green_300000+,Univariate Amazon,"LINEAR, lag=2",2,-284542.88127324835,600223.561575949,509301.67963520344,-23.99794676030497,31.793901262707987
green_300000+,Univariate Amazon,"NNET, lag=2",2,-184557.81645852397,602938.5885541419,515504.16693839047,-17.145429163975262,28.698223385798947
green_300000+,Multivariate Amzn Twttr,"VECM, lag=3",3,-354345.752157983,664743.3268051298,576279.4817682952,-27.30127282267428,34.97200375781901
green_300000+,Univariate Amazon,"LINEAR, lag=3",3,-249692.20476022305,575739.9318180254,491118.8845225113,-21.6701347982278,30.071995925634372
green_300000+,Univariate Amazon,"NNET, lag=3",3,-275298.17284820526,586250.0092974674,467655.3565565963,-22.633083182998718,29.457524616019462
green_300000+,Multivariate Amzn Twttr,"VECM, lag=4",4,-360007.9781191365,662833.5198723832,583690.0319702986,-27.77331252858076,35.50447107363633
green_300000+,Univariate Amazon,"LINEAR, lag=4",4,-251013.43156451645,575103.1711500041,503836.4193846576,-22.31723267028512,31.144623308459213
green_300000+,Univariate Amazon,"NNET, lag=4",4,-172279.18956678963,635319.5763154279,514185.04435756715,-15.838254521923563,33.676242393410945
green_300000+,Multivariate Amzn Twttr,"VECM, lag=5",5,-363153.0020965114,676779.7569516712,591906.8425428157,-27.927815480585622,35.83427099559759
green_300000+,Univariate Amazon,"LINEAR, lag=5",5,-247088.65426564723,575829.262345019,510098.1310729455,-22.53210563835229,31.734477889054812
green_300000+,Univariate Amazon,"NNET, lag=5",5,-129292.87515734762,590171.3844472882,511548.23322394723,-16.566557540810958,30.628466403802374
grey_010001..20000,Multivariate Amzn Twttr,"VECM, lag=1",1,214.24586411682617,1243.0921188917348,931.9899746596141,1.039736045393306,6.369349106386235
grey_010001..20000,Univariate Amazon,"LINEAR, lag=1",1,-607.0877614015692,1210.8068790363445,1041.3130947396805,-4.762744111780596,7.499654782448444
grey_010001..20000,Univariate Amazon,"NNET, lag=1",1,-169.0455206668655,1269.508416047381,1023.6110026649715,-1.693752129197577,7.160415061550162
grey_010001..20000,Multivariate Amzn Twttr,"VECM, lag=2",2,407.44405166284423,1245.2946775451596,851.5770001589381,2.426118015143282,5.720620269136072
grey_010001..20000,Univariate Amazon,"LINEAR, lag=2",2,-787.3574494911479,1261.9305942055219,1153.670878322305,-6.034083339908294,8.362694827951605
grey_010001..20000,Univariate Amazon,"NNET, lag=2",2,-617.0423349166535,1295.7151364879796,1111.4661371084944,-4.7800805583686286,7.9603973410791795
grey_010001..20000,Multivariate Amzn Twttr,"VECM, lag=3",3,541.9578234329304,1398.0196282128657,932.9910574392973,3.3030321617401364,6.252722839623331
grey_010001..20000,Univariate Amazon,"LINEAR, lag=3",3,-911.716264355221,1309.2308216355107,1170.1063188464723,-6.923215547409923,8.547671138103526
grey_010001..20000,Univariate Amazon,"NNET, lag=3",3,-605.5867583711656,1073.5473251801868,965.270370172781,-4.616561798153822,6.949610635472988
grey_010001..20000,Multivariate Amzn Twttr,"VECM, lag=4",4,492.24746849710846,1346.172732483289,929.8036704457281,2.937724413663971,6.270704727597138
grey_010001..20000,Univariate Amazon,"LINEAR, lag=4",4,-932.2121395614536,1322.0743694101964,1185.769557680876,-7.0704201258676225,8.6651385127395
grey_010001..20000,Univariate Amazon,"NNET, lag=4",4,-497.32635824016324,1173.569860828883,1010.3086392970017,-3.980375710192687,7.236017186128352
grey_010001..20000,Multivariate Amzn Twttr,"VECM, lag=5",5,512.8691503491609,1347.514919659731,976.343561593028,3.0907216318625816,6.5885054340616565
grey_010001..20000,Univariate Amazon,"LINEAR, lag=5",5,-936.7527784348638,1328.2668177408013,1181.5565005155502,-7.105776208730546,8.63968789857625
grey_010001..20000,Univariate Amazon,"NNET, lag=5",5,-1136.4400127857584,1390.1306389450021,1222.804585599768,-8.348144556788927,8.88728291008195
grey_020001..30000,Multivariate Amzn Twttr,"VECM, lag=1",1,208.8259125781401,862.068810289306,695.5932681213521,0.7611513710244736,2.784790364893001
grey_020001..30000,Univariate Amazon,"LINEAR, lag=1",1,953.2616056981392,1242.6734072812462,1044.909795343718,3.7436040075335772,4.13501203506114
grey_020001..30000,Univariate Amazon,"NNET, lag=1",1,1231.3007530172026,1420.4147225568613,1234.4677914890426,4.874359772605158,4.887885454739857
grey_020001..30000,Multivariate Amzn Twttr,"VECM, lag=2",2,245.70942561352194,894.5995622792759,709.0716649817655,0.8925029884822058,2.8461813970786425
grey_020001..30000,Univariate Amazon,"LINEAR, lag=2",2,1162.5006670951652,1380.525773510306,1171.7762215636285,4.59212726985865,4.631740998103208
grey_020001..30000,Univariate Amazon,"NNET, lag=2",2,990.3497578477873,1372.796932009194,1176.820805749342,3.8620305372188986,4.654393077457737
grey_020001..30000,Multivariate Amzn Twttr,"VECM, lag=3",3,279.6134951350209,989.3322938617697,877.9387461243264,1.0066605855051627,3.5216302742810184
grey_020001..30000,Univariate Amazon,"LINEAR, lag=3",3,1220.811265448076,1436.9100928917799,1239.454704209555,4.825431100283111,4.905052875903349
grey_020001..30000,Univariate Amazon,"NNET, lag=3",3,549.219688067612,1359.37722037204,1180.4351089729398,2.0480770201323266,4.7127536004932065
grey_020001..30000,Multivariate Amzn Twttr,"VECM, lag=4",4,354.6200545074812,1047.141190965976,869.0567318558119,1.300277366845127,3.474671406389677
grey_020001..30000,Univariate Amazon,"LINEAR, lag=4",4,1406.087234949346,1599.7120400015472,1406.087234949346,5.567502774140811,5.567502774140811
grey_020001..30000,Univariate Amazon,"NNET, lag=4",4,433.1361216016194,1252.3657349115565,932.3269278394482,1.6019450309025165,3.7176590610349085
grey_020001..30000,Multivariate Amzn Twttr,"VECM, lag=5",5,315.9047464216651,1033.3800182769953,889.2315585475303,1.1398048569017565,3.556806682638692
grey_020001..30000,Univariate Amazon,"LINEAR, lag=5",5,1506.6026475255544,1687.170636669053,1506.6026475255544,5.9719251287431385,5.9719251287431385
grey_020001..30000,Univariate Amazon,"NNET, lag=5",5,936.5684339743284,1190.0317638456963,1019.2505080158535,3.6766955583213337,4.029811398772006
grey_300000+,Multivariate Amzn Twttr,"VECM, lag=1",1,1160.0881830263825,329782.96575909917,274736.3882726125,-3.228944714168071,17.217000055985956
grey_300000+,Univariate Amazon,"LINEAR, lag=1",1,-287638.3510585063,449602.5761712677,292396.8660952661,-20.46805493221281,20.695015504323518
grey_300000+,Univariate Amazon,"NNET, lag=1",1,-335070.2199054861,463921.2120085044,343914.3568654384,-23.26633580670572,23.65628652834819
grey_300000+,Multivariate Amzn Twttr,"VECM, lag=2",2,-3280.9654460218735,297348.9668909495,246001.70433164097,-3.1609850955520233,15.41273011627694
grey_300000+,Univariate Amazon,"LINEAR, lag=2",2,-394273.671756506,517913.15121348406,394273.671756506,-26.806199252410174,26.806199252410174
grey_300000+,Univariate Amazon,"NNET, lag=2",2,-301110.8066265121,452542.32566453976,364920.0900162419,-21.57855931702452,24.416961404327687
grey_300000+,Multivariate Amzn Twttr,"VECM, lag=3",3,28843.675304551463,310589.551383291,272499.2739860639,-1.4384600085794255,16.80777507091127
grey_300000+,Univariate Amazon,"LINEAR, lag=3",3,-479999.20460600656,582379.9786301805,479999.20460600656,-31.847809984988988,31.847809984988988
grey_300000+,Univariate Amazon,"NNET, lag=3",3,-439449.9456231118,658127.3059201126,489117.41610648145,-30.119870480963826,32.33834614610511
grey_300000+,Multivariate Amzn Twttr,"VECM, lag=4",4,-15493.353515945666,302288.2234179448,242868.94869449356,-3.9002232535132957,15.478474987571506
grey_300000+,Univariate Amazon,"LINEAR, lag=4",4,-518916.983930022,615220.4625960706,518916.983930022,-34.138324296417096,34.138324296417096
grey_300000+,Univariate Amazon,"NNET, lag=4",4,-687065.3784342983,970666.8216679515,687065.3784342983,-44.69113417427209,44.69113417427209
grey_300000+,Multivariate Amzn Twttr,"VECM, lag=5",5,-13570.159151287138,304100.3466393006,242023.6305471354,-3.909569597550585,15.371636203047897
grey_300000+,Univariate Amazon,"LINEAR, lag=5",5,-540633.7289844425,634448.9238618094,540633.7289844425,-35.41732619274212,35.41732619274212
grey_300000+,Univariate Amazon,"NNET, lag=5",5,-588417.9376157633,736922.9587111683,612527.8942686226,-39.13172631296219,40.2177163698004
high-waist_001001..5000,Multivariate Amzn Twttr,"VECM, lag=1",1,69.06611496698207,320.2326984478981,298.39912241123835,2.1342993674562285,12.120787319768887
high-waist_001001..5000,Univariate Amazon,"LINEAR, lag=1",1,9.654581214138034,208.58894008567526,175.87336107444492,-0.17112937290632102,7.072969400744446
high-waist_001001..5000,Univariate Amazon,"NNET, lag=1",1,-70.19251669843624,280.8414969786104,223.02045411844966,-3.532658390068235,9.246269319665368
high-waist_001001..5000,Multivariate Amzn Twttr,"VECM, lag=2",2,96.84259472032753,311.30755071196114,292.2635314318966,3.4071455766287624,11.76793122613795
high-waist_001001..5000,Univariate Amazon,"LINEAR, lag=2",2,-20.377372465006715,206.51452719182845,178.62286477109728,-1.4536629482379975,7.334810343102078
high-waist_001001..5000,Univariate Amazon,"NNET, lag=2",2,-94.21105871176661,264.9395960197875,221.6920763889238,-4.463394121388547,9.188016858926899
high-waist_001001..5000,Multivariate Amzn Twttr,"VECM, lag=3",3,90.86093522880762,285.8413070304928,251.02997652019346,3.2341022090868368,10.086005726396195
high-waist_001001..5000,Univariate Amazon,"LINEAR, lag=3",3,-44.93425842656535,205.79462142033208,178.00322692650667,-2.4466525408322144,7.371837851448117
high-waist_001001..5000,Univariate Amazon,"NNET, lag=3",3,-86.60647323617354,209.53539568202396,183.7903621496148,-4.108867610592114,7.700381115120725
high-waist_001001..5000,Multivariate Amzn Twttr,"VECM, lag=4",4,105.12000906224839,285.98527806829486,249.65142872719045,3.8300544922994844,9.970814646377942
high-waist_001001..5000,Univariate Amazon,"LINEAR, lag=4",4,-62.968952938059715,207.67616907285424,177.03870720828854,-3.190182172633108,7.389687506640016
high-waist_001001..5000,Univariate Amazon,"NNET, lag=4",4,-2.011901048893435,199.38597548569274,172.77096545133878,-0.7326416722385152,7.094414686805001
high-waist_001001..5000,Multivariate Amzn Twttr,"VECM, lag=5",5,97.77802061070906,350.77705818661,309.9631800081687,3.4515458390780664,12.38002773051518
high-waist_001001..5000,Univariate Amazon,"LINEAR, lag=5",5,-75.54518063116302,211.9634187650601,176.5949304344257,-3.7133502012909676,7.418133777305358
high-waist_001001..5000,Univariate Amazon,"NNET, lag=5",5,-46.98165960061772,194.79538132087444,159.0895010605301,-2.5272358503788617,6.6478805674723915
high-waist_005001..10000,Multivariate Amzn Twttr,"VECM, lag=1",1,-74.06016614840178,577.8412972401032,492.58923300933225,-1.391963254873249,6.881522545553071
high-waist_005001..10000,Univariate Amazon,"LINEAR, lag=1",1,-338.8971375422092,564.5540110239577,491.87097152045214,-5.180707159378228,7.130411900370364
high-waist_005001..10000,Univariate Amazon,"NNET, lag=1",1,-320.0393068795198,725.3128338180403,632.6729262426328,-4.979950263058004,9.135996441722178
high-waist_005001..10000,Multivariate Amzn Twttr,"VECM, lag=2",2,-71.69633813237488,612.428600523639,537.1711767037013,-1.2769873434982673,7.515093317680065
high-waist_005001..10000,Univariate Amazon,"LINEAR, lag=2",2,-353.60174336155694,520.4480443426543,436.9699129078459,-5.335331036832853,6.39788736548808
high-waist_005001..10000,Univariate Amazon,"NNET, lag=2",2,-123.61840785647553,468.1315834120431,319.1675803621323,-1.965605158518502,4.670101516095752
high-waist_005001..10000,Multivariate Amzn Twttr,"VECM, lag=3",3,-116.23442982777692,602.6071577618712,550.5588440980416,-1.9501802860942208,7.743249526103634
high-waist_005001..10000,Univariate Amazon,"LINEAR, lag=3",3,-423.74571846499623,600.6228813367144,543.2232444996145,-6.37367147128717,7.896454112564486
high-waist_005001..10000,Univariate Amazon,"NNET, lag=3",3,-371.68529552075927,644.9136871627024,564.4220788908204,-5.577027840669695,8.11131799202565
high-waist_005001..10000,Multivariate Amzn Twttr,"VECM, lag=4",4,-152.80203995517832,615.8012614589455,552.844394743187,-2.5664661198267016,7.811476393481574
high-waist_005001..10000,Univariate Amazon,"LINEAR, lag=4",4,-369.8741997595731,540.6909739497925,475.2667028526872,-5.5839982676975914,6.92726239072989
high-waist_005001..10000,Univariate Amazon,"NNET, lag=4",4,-359.41202127566476,555.5893883311845,479.60943775950795,-5.4547338162352315,6.986691711772361
high-waist_005001..10000,Multivariate Amzn Twttr,"VECM, lag=5",5,-175.3204268900571,601.4224415380356,530.163245631553,-2.8588499150613345,7.508705849360307
high-waist_005001..10000,Univariate Amazon,"LINEAR, lag=5",5,-381.71608009568763,564.8496628455406,505.47930077876185,-5.769311078212558,7.346716388983324
high-waist_005001..10000,Univariate Amazon,"NNET, lag=5",5,-369.4525275405557,552.1083279388027,471.2728783360691,-5.590966983415914,6.888702782492046
high-waist_010001..20000,Multivariate Amzn Twttr,"VECM, lag=1",1,-4.093372945692636,1266.0599810341712,1073.8537474922875,-0.3729686208632459,7.759537173821972
high-waist_010001..20000,Univariate Amazon,"LINEAR, lag=1",1,134.0160298285614,1016.4764328268495,829.7753238654232,0.5913319162567059,6.0260048510393105
high-waist_010001..20000,Univariate Amazon,"NNET, lag=1",1,3.7355107243431576,1075.4824821163775,779.5766672286493,-0.3396982453792614,5.695401393759411
high-waist_010001..20000,Multivariate Amzn Twttr,"VECM, lag=2",2,28.861988084171116,1231.1198419491766,1033.477866078385,-0.11145898581135971,7.480229489379412
high-waist_010001..20000,Univariate Amazon,"LINEAR, lag=2",2,163.77897217673808,915.148084650845,765.5380484516686,0.8214032519553185,5.531334425373172
high-waist_010001..20000,Univariate Amazon,"NNET, lag=2",2,-96.83733585122695,777.0665011085262,637.3779635021303,-1.0101645842844027,4.668560919421983
high-waist_010001..20000,Multivariate Amzn Twttr,"VECM, lag=3",3,-122.5365096928806,1314.150607400067,946.8342930162632,-1.151721123051221,6.961675676697714
high-waist_010001..20000,Univariate Amazon,"LINEAR, lag=3",3,182.67486986068457,870.3544110816381,766.5942257752256,0.9579669574174305,5.516199399289497
high-waist_010001..20000,Univariate Amazon,"NNET, lag=3",3,224.3293706273471,1000.2934536276625,870.2611093444593,1.4318071829902461,6.355891129905235
high-waist_010001..20000,Multivariate Amzn Twttr,"VECM, lag=4",4,-69.41131028313885,1201.5347850188994,984.5786044180659,-0.656417366194504,7.219338296673537
high-waist_010001..20000,Univariate Amazon,"LINEAR, lag=4",4,192.18664616392107,853.494262756487,764.0512664186954,1.02837999168997,5.486782097876258
high-waist_010001..20000,Univariate Amazon,"NNET, lag=4",4,1142.3191830018907,2739.2959679090845,1677.7749689467876,7.606871175605039,11.735509695012881
high-waist_010001..20000,Multivariate Amzn Twttr,"VECM, lag=5",5,-58.26042543857261,1171.2099523149286,903.4843284018414,-0.6874107518930037,6.626043041099031
high-waist_010001..20000,Univariate Amazon,"LINEAR, lag=5",5,197.38106282134117,848.7392918322138,763.8666324101475,1.066087257801617,5.478779326533875
high-waist_010001..20000,Univariate Amazon,"NNET, lag=5",5,-29.90336565623511,966.474617303878,895.891398016126,-0.5699933243938351,6.435315303518878
high-waist_300000+,Multivariate Amzn Twttr,"VECM, lag=1",1,-69582.03631108902,404444.42821902403,318078.5685456153,-10.333771736682031,25.904910000438054
high-waist_300000+,Univariate Amazon,"LINEAR, lag=1",1,-11423.196476150639,291338.78611549566,250956.60119697015,-5.786848906830135,21.31264855426633
high-waist_300000+,Univariate Amazon,"NNET, lag=1",1,34327.05422298133,324204.4339519485,259950.52501942997,-1.4616017421123972,20.56009870158244
high-waist_300000+,Multivariate Amzn Twttr,"VECM, lag=2",2,-127713.98810708738,664411.9426299431,467098.3793246646,-16.401337562807598,43.45862464754731
high-waist_300000+,Univariate Amazon,"LINEAR, lag=2",2,-47652.52836387331,276148.4621770884,237713.94955811364,-9.464415850011038,21.5276569391881
high-waist_300000+,Univariate Amazon,"NNET, lag=2",2,-295687.61164707463,575503.1866932221,494422.50729874696,-26.284605658387065,49.938002681423626
high-waist_300000+,Multivariate Amzn Twttr,"VECM, lag=3",3,-193692.32209333024,762028.6726676971,557690.7805591418,-21.15302559118787,52.25702292950996
high-waist_300000+,Univariate Amazon,"LINEAR, lag=3",3,-60457.25095914147,276251.0558203605,234815.10642573406,-10.671215237455716,21.662261298107353
high-waist_300000+,Univariate Amazon,"NNET, lag=3",3,-895946.2610620308,1021261.5043639932,895946.2610620308,-88.69886368773965,88.69886368773965
high-waist_300000+,Multivariate Amzn Twttr,"VECM, lag=4",4,-205019.29019551084,941316.4510277035,774950.151337551,-23.516955726588396,71.6283379864399
high-waist_300000+,Univariate Amazon,"LINEAR, lag=4",4,-66910.59578596818,280697.25684297195,240860.9252276984,-11.317135961559815,22.285494063525896
high-waist_300000+,Univariate Amazon,"NNET, lag=4",4,-256567.55070898082,947960.7395600183,515370.9108319395,-33.0555428830352,55.853206248408625
high-waist_300000+,Multivariate Amzn Twttr,"VECM, lag=5",5,-315948.84542324813,1014989.0012307917,752267.7641866961,-33.412585343620556,70.93502903894817
high-waist_300000+,Univariate Amazon,"LINEAR, lag=5",5,-71577.00294054594,284463.12979755475,244726.08989191285,-11.801787379279713,22.72150921856359
high-waist_300000+,Univariate Amazon,"NNET, lag=5",5,-186807.068864171,374014.67364768713,316517.061305356,-23.215120536271105,31.39134597191006
knee-length_300000+,Multivariate Amzn Twttr,"VECM, lag=1",1,391976.9238984307,2727748.467984719,2300256.1912056683,-71.29615131314125,137.74603830904076
knee-length_300000+,Univariate Amazon,"LINEAR, lag=1",1,654894.9892347348,2924464.72427988,2605691.462569527,-57.09183509089552,155.83177222655905
knee-length_300000+,Univariate Amazon,"NNET, lag=1",1,1225311.6304255554,4652663.542797355,2974719.6063424014,-77.81723635615359,151.17094382230187
knee-length_300000+,Multivariate Amzn Twttr,"VECM, lag=2",2,-299212.18845795665,2989166.5548957605,2626369.2019322854,-95.40127108213022,149.11454624001072
knee-length_300000+,Univariate Amazon,"LINEAR, lag=2",2,1131823.5602500984,2700375.2418358,2405068.394395457,-22.49894127452683,117.55934554601527
knee-length_300000+,Univariate Amazon,"NNET, lag=2",2,-32895.90443817852,3555162.7759115878,2769510.8050415036,-82.5489290713958,147.73373565157698
knee-length_300000+,Multivariate Amzn Twttr,"VECM, lag=3",3,-1319652.8512003305,5637158.2977780355,5034104.461435515,-180.19415131406427,274.9960849582353
knee-length_300000+,Univariate Amazon,"LINEAR, lag=3",3,881772.5188267813,2722384.224547173,2263034.807145205,-38.88015117979813,100.28288951009472
knee-length_300000+,Univariate Amazon,"NNET, lag=3",3,1165589.347524677,2605017.377707938,2140770.016601636,0.14968331907557797,81.86208510123467
knee-length_300000+,Multivariate Amzn Twttr,"VECM, lag=4",4,-630756.120850628,11598238.873762982,8898214.34557942,71.05019404337807,338.5286691339493
knee-length_300000+,Univariate Amazon,"LINEAR, lag=4",4,574716.5698118,2861595.355897533,2425886.792329408,-56.009230723503734,113.5003956645677
knee-length_300000+,Univariate Amazon,"NNET, lag=4",4,4843638.328875272,11527433.189108636,6251054.845807502,187.10352021527416,323.43053167930316
knee-length_300000+,Multivariate Amzn Twttr,"VECM, lag=5",5,4508031.082355635,13883442.479040276,11317498.896237098,-135.7619471661137,470.324453094086
knee-length_300000+,Univariate Amazon,"LINEAR, lag=5",5,577138.3044218895,2601094.1956107444,2196593.5469901687,-51.58156540059372,102.16055250381892
knee-length_300000+,Univariate Amazon,"NNET, lag=5",5,1217171.1886587264,3056380.7700896976,2508817.0126681174,-18.332783360027427,93.53488445910583
lace-up_0..1000,Multivariate Amzn Twttr,"VECM, lag=1",1,18.04354417346518,66.80373863504597,45.04865693079803,2.9056691556780105,11.39593551954105
lace-up_0..1000,Univariate Amazon,"LINEAR, lag=1",1,-15.80999366561889,67.5009947863347,56.98754940749707,-6.306626464259754,15.590314601058715
lace-up_0..1000,Univariate Amazon,"NNET, lag=1",1,-13.786490549537646,64.62048372290111,56.734286679273936,-5.630650589823777,15.640587360304684
lace-up_0..1000,Multivariate Amzn Twttr,"VECM, lag=2",2,13.8393107670816,65.6778603486183,48.440556140852024,1.7585679695902123,12.480029766190881
lace-up_0..1000,Univariate Amazon,"LINEAR, lag=2",2,-21.766520795436847,60.52786324972336,51.09117106715951,-7.807557843128864,14.361859234845005
lace-up_0..1000,Univariate Amazon,"NNET, lag=2",2,5.942229565212465,66.72044994457545,45.64556526607222,-0.41692937859041246,12.078613138227253
lace-up_0..1000,Multivariate Amzn Twttr,"VECM, lag=3",3,6.652616284575345,63.545843839668706,50.15097038773622,-0.14952349397638187,13.104809767220633
lace-up_0..1000,Univariate Amazon,"LINEAR, lag=3",3,-23.870040061052386,60.07019253597787,50.57988683865498,-8.344576735575593,14.3002269700899
lace-up_0..1000,Univariate Amazon,"NNET, lag=3",3,-1.9003208295921894,49.72080075605626,41.392323039284165,-2.2918683432743014,11.349793164587926
lace-up_0..1000,Multivariate Amzn Twttr,"VECM, lag=4",4,9.61558307495303,61.350372325290024,47.16924390874744,0.7666777913217093,12.21579177686323
lace-up_0..1000,Univariate Amazon,"LINEAR, lag=4",4,-26.098621918084667,59.79938419194578,50.246133775082335,-8.922075054335215,14.303604510832693
lace-up_0..1000,Univariate Amazon,"NNET, lag=4",4,-27.747878409837504,60.63396541977224,53.313601086632396,-9.353404998459073,15.183994957995065
lace-up_0..1000,Multivariate Amzn Twttr,"VECM, lag=5",5,16.003484824654578,62.37830213351316,45.00152905161811,2.5507901560483925,11.463639678088931
lace-up_0..1000,Univariate Amazon,"LINEAR, lag=5",5,-28.03451078036261,59.37504827088695,49.38352803626131,-9.41920924296007,14.165825614984541
lace-up_0..1000,Univariate Amazon,"NNET, lag=5",5,13.258227467427432,96.02208738867313,69.48796541804897,1.7381966416413164,19.39961609571038
lace-up_001001..5000,Multivariate Amzn Twttr,"VECM, lag=1",1,154.1429393233718,258.54176584577084,194.35373200260526,7.909598992379324,11.196592289959597
lace-up_001001..5000,Univariate Amazon,"LINEAR, lag=1",1,-17.910255730364213,238.82442965042014,203.95295059575977,-3.8507146995268835,13.312314623914304
lace-up_001001..5000,Univariate Amazon,"NNET, lag=1",1,36.02471614619785,244.02882245934492,217.2375376193896,0.1546460611461642,13.272946694348322
lace-up_001001..5000,Multivariate Amzn Twttr,"VECM, lag=2",2,149.59751324625668,261.8371496341663,208.2163676411882,7.399674921925003,12.093866268331402
lace-up_001001..5000,Univariate Amazon,"LINEAR, lag=2",2,-76.47314600819121,264.1848279494578,228.57061599999312,-7.872501916353189,15.474608187747222
lace-up_001001..5000,Univariate Amazon,"NNET, lag=2",2,-32.24976583433778,250.62651764567843,202.16617358536763,-4.4215391730065114,13.234841863487194
lace-up_001001..5000,Multivariate Amzn Twttr,"VECM, lag=3",3,163.80029262464552,298.4371624398621,232.88155243654592,7.849871511171714,13.536694486647423
lace-up_001001..5000,Univariate Amazon,"LINEAR, lag=3",3,-122.83364274864724,294.671295207786,249.55959773333709,-11.088708154302177,17.303238942297433
lace-up_001001..5000,Univariate Amazon,"NNET, lag=3",3,-78.95255419178,232.70562812735375,222.14651833804976,-6.9998918722259305,14.688517671148908
lace-up_001001..5000,Multivariate Amzn Twttr,"VECM, lag=4",4,139.06581517403467,280.2200533368626,229.4109435121239,6.207923165939119,13.442852502732302
lace-up_001001..5000,Univariate Amazon,"LINEAR, lag=4",4,-158.0209060662663,321.4763499098945,265.8913418404104,-13.529934790839373,18.714033354633617
lace-up_001001..5000,Univariate Amazon,"NNET, lag=4",4,-155.1896055922224,354.61649628486055,328.95594467704115,-13.408215057765808,22.517215708057364
lace-up_001001..5000,Multivariate Amzn Twttr,"VECM, lag=5",5,133.7909241975195,313.364813054926,264.26936978510423,5.380305155143239,15.792134902426064
lace-up_001001..5000,Univariate Amazon,"LINEAR, lag=5",5,-183.43967977340444,342.27450413892757,279.4867262032692,-15.289549502685135,19.828126955462682
lace-up_001001..5000,Univariate Amazon,"NNET, lag=5",5,-122.28008941442064,305.15611431677274,257.9595651757452,-9.556639474151758,17.056769405800498
lace-up_005001..10000,Multivariate Amzn Twttr,"VECM, lag=1",1,123.92819812059031,1143.0168920220035,932.1493888612739,0.27170194006752335,12.320347385475365
lace-up_005001..10000,Univariate Amazon,"LINEAR, lag=1",1,78.6943556019337,798.3959441111134,663.8727804700759,0.03408995712511864,8.782229464225523
lace-up_005001..10000,Univariate Amazon,"NNET, lag=1",1,-168.67699446960603,764.7628712968198,665.2893214270856,-3.0397337844149623,9.290347516887193
lace-up_005001..10000,Multivariate Amzn Twttr,"VECM, lag=2",2,37.2080218566382,1040.3437792472512,861.7256981886649,-0.7947565817435641,11.42341161012431
lace-up_005001..10000,Univariate Amazon,"LINEAR, lag=2",2,119.55900892841521,804.5779310448845,661.2862408279296,0.5815809810897137,8.703573931018811
lace-up_005001..10000,Univariate Amazon,"NNET, lag=2",2,412.4919277816507,1332.4531372062002,1142.6437568415279,4.323837406817132,15.236611050487879
lace-up_005001..10000,Multivariate Amzn Twttr,"VECM, lag=3",3,-23.17310417700469,1121.4137635220159,945.4339575988145,-1.6504471379549845,12.580117050259593
lace-up_005001..10000,Univariate Amazon,"LINEAR, lag=3",3,153.7796485054066,805.8071736903092,647.6650411753026,1.0420392367902442,8.516646539557883
lace-up_005001..10000,Univariate Amazon,"NNET, lag=3",3,0.11204209160962364,830.876439953576,729.305741873576,-0.7698806688797614,9.659623544582157
lace-up_005001..10000,Multivariate Amzn Twttr,"VECM, lag=4",4,-48.28995383319034,1188.0681445207097,1053.2011298463567,-2.0133770718436175,13.980481715556145
lace-up_005001..10000,Univariate Amazon,"LINEAR, lag=4",4,191.3741081825856,787.5892833530572,620.1856240603202,1.5797861236953696,8.077737590429047
lace-up_005001..10000,Univariate Amazon,"NNET, lag=4",4,-156.7997488596302,733.5939068399632,672.7760412286607,-3.0306170852296592,9.160530351055211
lace-up_005001..10000,Multivariate Amzn Twttr,"VECM, lag=5",5,21.697021157124937,1165.6108445163534,967.7354948199841,-1.0015708951043514,12.789563022811599
lace-up_005001..10000,Univariate Amazon,"LINEAR, lag=5",5,206.1774433883811,786.71958066854,619.6505561100348,1.7845297971644571,8.055182228042057
lace-up_005001..10000,Univariate Amazon,"NNET, lag=5",5,69.88006269273512,981.2711826424916,830.771833290312,-0.24035391496870018,11.104264082647745
lace-up_300000+,Multivariate Amzn Twttr,"VECM, lag=1",1,-519582.5318268066,932813.7245098642,743591.2657806904,-43.37613138561055,48.45194459455117
lace-up_300000+,Univariate Amazon,"LINEAR, lag=1",1,-781489.6510977135,1126155.3090704712,1000173.998476431,-65.73410274621129,70.35635989185552
lace-up_300000+,Univariate Amazon,"NNET, lag=1",1,-1120450.5236676382,1454914.2078051742,1135172.7335293773,-74.19586340433267,75.11670250946013
lace-up_300000+,Multivariate Amzn Twttr,"VECM, lag=2",2,-508145.6802879893,976548.2221070658,804441.782530114,-43.54982346953045,51.36882772443565
lace-up_300000+,Univariate Amazon,"LINEAR, lag=2",2,-845908.7867307441,1178222.8511426726,1043791.3689245629,-73.27834909310047,77.46092635803794
lace-up_300000+,Univariate Amazon,"NNET, lag=2",2,-1248800.041391686,1486584.5455492637,1248800.041391686,-87.43273568515733,87.43273568515733
lace-up_300000+,Multivariate Amzn Twttr,"VECM, lag=3",3,-447175.15323423396,928057.2621214865,758616.5297847507,-39.81258687835759,49.31774722242189
lace-up_300000+,Univariate Amazon,"LINEAR, lag=3",3,-1039423.7188271662,1390229.3834182706,1255637.7155910465,-91.31179416070364,95.88183634026296
lace-up_300000+,Univariate Amazon,"NNET, lag=3",3,-1577424.4467679225,1971566.2283248561,1577424.4467679225,-131.8279496289194,131.8279496289194
lace-up_300000+,Multivariate Amzn Twttr,"VECM, lag=4",4,-386657.88176507934,920092.275356483,742444.3496683011,-36.105611287124894,47.325783773723295
lace-up_300000+,Univariate Amazon,"LINEAR, lag=4",4,-1115510.5950448373,1479192.6377270173,1324864.8654615844,-98.97647608510658,103.40152654712753
lace-up_300000+,Univariate Amazon,"NNET, lag=4",4,-1340734.5841047992,1929681.1714569405,1729901.5663377382,-113.12060183998148,121.34629282352404
lace-up_300000+,Multivariate Amzn Twttr,"VECM, lag=5",5,-200861.96982434567,780310.5254902416,629483.4128105049,-21.64338864711538,38.19530620852309
lace-up_300000+,Univariate Amazon,"LINEAR, lag=5",5,-1215194.2352073248,1602682.5667296075,1430535.8706731992,-108.42855842874351,112.98016180236348
lace-up_300000+,Univariate Amazon,"NNET, lag=5",5,-950262.2837311063,1472365.853669633,1225569.3196890773,-90.80974266989689,98.21806256233153
long-sleeve_010001..20000,Multivariate Amzn Twttr,"VECM, lag=1",1,94.76550098062626,723.795753667767,648.4867663434143,0.4551261132730208,4.489476797929644
long-sleeve_010001..20000,Univariate Amazon,"LINEAR, lag=1",1,-375.09859471766345,782.2188291427533,667.3923307991024,-2.776852351743087,4.711425754383317
long-sleeve_010001..20000,Univariate Amazon,"NNET, lag=1",1,-295.8450539652422,508.906268121021,364.8293958042832,-2.1240964401069222,2.5907166169887317
long-sleeve_010001..20000,Multivariate Amzn Twttr,"VECM, lag=2",2,161.11303075935052,870.934022896008,697.1986102322783,0.9121991357670406,4.77379046045994
long-sleeve_010001..20000,Univariate Amazon,"LINEAR, lag=2",2,-467.1996203054598,739.7813619935823,557.9150646611222,-3.393228873003266,3.994035252255431
long-sleeve_010001..20000,Univariate Amazon,"NNET, lag=2",2,-444.89296823773543,740.4875084108235,552.6952466164646,-3.2507945560114013,3.962712246124742
long-sleeve_010001..20000,Multivariate Amzn Twttr,"VECM, lag=3",3,128.58989876227474,809.7857769449769,684.9819260327056,0.6766202528580376,4.720537319154293
long-sleeve_010001..20000,Univariate Amazon,"LINEAR, lag=3",3,-378.4431431030987,734.5474303038786,534.1883362137794,-2.8022268749884875,3.8320520051273324
long-sleeve_010001..20000,Univariate Amazon,"NNET, lag=3",3,-391.14449979643723,698.2588361275855,499.68955419557824,-2.87251365014627,3.5864560473863794
long-sleeve_010001..20000,Multivariate Amzn Twttr,"VECM, lag=4",4,122.39754645623543,690.8350808653333,579.8018741570068,0.6744404893401554,3.980587804289082
long-sleeve_010001..20000,Univariate Amazon,"LINEAR, lag=4",4,-394.12364655369083,744.2423345915763,560.2789828401983,-2.909675165557272,4.00693659528865
long-sleeve_010001..20000,Univariate Amazon,"NNET, lag=4",4,59.74556778669921,930.6244218933774,794.732889241071,0.18168049939442366,5.534613162294639
long-sleeve_010001..20000,Multivariate Amzn Twttr,"VECM, lag=5",5,-19.749068042023737,555.2377842580047,470.1234176271073,-0.2641434815208148,3.2542155057107456
long-sleeve_010001..20000,Univariate Amazon,"LINEAR, lag=5",5,-433.91658382613787,735.8069924306511,544.4815710326698,-3.1754848228108323,3.904523987028206
long-sleeve_010001..20000,Univariate Amazon,"NNET, lag=5",5,-225.030967189889,677.6858803348997,533.5490890105157,-1.74274645405548,3.7861920303609784
long-sleeve_020001..30000,Multivariate Amzn Twttr,"VECM, lag=1",1,46.84597959581015,598.285000354396,466.3563486179851,0.14338721439064492,1.852072117150337
long-sleeve_020001..30000,Univariate Amazon,"LINEAR, lag=1",1,80.54556216788023,552.9585442518893,427.8318095593313,0.27714231803863254,1.6904780490752997
long-sleeve_020001..30000,Univariate Amazon,"NNET, lag=1",1,-521.0731465744261,757.2462103828838,669.4483088087532,-2.131744084841438,2.6994265359044025
long-sleeve_020001..30000,Multivariate Amzn Twttr,"VECM, lag=2",2,11.199161553965041,531.0773702327532,457.38728800634226,0.009540188576151687,1.8229585158992736
long-sleeve_020001..30000,Univariate Amazon,"LINEAR, lag=2",2,56.36298266600397,565.9806109699865,441.95272274488025,0.1781500074116677,1.749429351824826
long-sleeve_020001..30000,Univariate Amazon,"NNET, lag=2",2,-132.66405940286177,633.8265681108351,557.6565393796695,-0.580099127575324,2.228061355292486
long-sleeve_020001..30000,Multivariate Amzn Twttr,"VECM, lag=3",3,3.6467151413680767,530.7366619335103,456.76284125014536,-0.02040188769049478,1.8220837620106614
long-sleeve_020001..30000,Univariate Amazon,"LINEAR, lag=3",3,66.29711763133946,582.4037274407651,509.08169613582595,0.2160550332666011,2.0183119749048064
long-sleeve_020001..30000,Univariate Amazon,"NNET, lag=3",3,-485.8647213180725,749.789904573327,649.1047340619239,-1.9923251470783545,2.616880424056781
long-sleeve_020001..30000,Multivariate Amzn Twttr,"VECM, lag=4",4,24.00377958987474,568.1051819819835,470.5526363302174,0.05760413818580101,1.870525463925454
long-sleeve_020001..30000,Univariate Amazon,"LINEAR, lag=4",4,99.31884185359695,560.7311251618212,447.2353209510925,0.3496483042611153,1.7669262031726456
long-sleeve_020001..30000,Univariate Amazon,"NNET, lag=4",4,-1215.7771994197951,1814.42374700042,1377.8721009581645,-4.891382700774264,5.521153302483883
long-sleeve_020001..30000,Multivariate Amzn Twttr,"VECM, lag=5",5,-117.64812908889462,649.4788109328689,513.2074736788131,-0.5088986764418593,2.043424299680916
long-sleeve_020001..30000,Univariate Amazon,"LINEAR, lag=5",5,93.58860960147058,566.8523227541114,457.24530335998907,0.32598566040150684,1.807657886274246
long-sleeve_020001..30000,Univariate Amazon,"NNET, lag=5",5,211.6955743646081,670.8722452289431,624.9670580297393,0.7996258522782482,2.4822021447092117
long-sleeve_300000+,Multivariate Amzn Twttr,"VECM, lag=1",1,-39830.66390868569,309429.36543569743,247524.74217153518,-9.046666765976534,25.282847104733037
long-sleeve_300000+,Univariate Amazon,"LINEAR, lag=1",1,-125921.83776866097,284487.4136813392,248338.2878987862,-16.89030063483907,26.306325127094706
long-sleeve_300000+,Univariate Amazon,"NNET, lag=1",1,-25515.55315695796,188296.09817631196,141008.54856443655,-6.063585929112006,14.899340015040755
long-sleeve_300000+,Multivariate Amzn Twttr,"VECM, lag=2",2,-59478.138394936235,284844.94033486844,228948.56850492174,-10.556562557522964,23.76165607391321
long-sleeve_300000+,Univariate Amazon,"LINEAR, lag=2",2,-185708.99349871583,294397.0735721193,257771.18294110618,-23.314772984849576,28.753236012525157
long-sleeve_300000+,Univariate Amazon,"NNET, lag=2",2,-190696.1433992628,316766.80500236707,259826.38256518007,-23.356620689086135,30.064788865802182
long-sleeve_300000+,Multivariate Amzn Twttr,"VECM, lag=3",3,-71553.37727740782,297128.3330053681,238527.84265884,-12.119015567984016,25.08251450249656
long-sleeve_300000+,Univariate Amazon,"LINEAR, lag=3",3,-209292.69445285757,315274.8164444234,278143.1296754241,-25.698389803492844,30.77496348571405
long-sleeve_300000+,Univariate Amazon,"NNET, lag=3",3,-231973.77751392132,481124.2786037636,460934.41978741187,-28.747869084167398,47.86780634164454
long-sleeve_300000+,Multivariate Amzn Twttr,"VECM, lag=4",4,-72753.60481730461,304748.6083800598,237680.44673906642,-12.515612472445719,25.648320143880788
long-sleeve_300000+,Univariate Amazon,"LINEAR, lag=4",4,-249168.14204499463,340328.6245356273,307195.4467876363,-29.684793746410527,33.96291986097509
long-sleeve_300000+,Univariate Amazon,"NNET, lag=4",4,-402080.8789570639,738532.7321128796,491828.27958008135,-47.184927966827075,54.03231686727335
long-sleeve_300000+,Multivariate Amzn Twttr,"VECM, lag=5",5,-66207.64581494361,310851.5952529467,233804.92394322017,-11.975340654450706,25.35163460272358
long-sleeve_300000+,Univariate Amazon,"LINEAR, lag=5",5,-288773.5230311657,364929.36611180793,329784.42852778576,-33.76254547445406,36.786119058737725
long-sleeve_300000+,Univariate Amazon,"NNET, lag=5",5,-215276.052081244,319907.69888999726,269118.6985864251,-25.942929732650608,30.905714894975503
navy_001001..5000,Multivariate Amzn Twttr,"VECM, lag=1",1,10.82977412052486,214.10447668671387,180.72925437006967,0.07183266093587215,7.304096997577611
navy_001001..5000,Univariate Amazon,"LINEAR, lag=1",1,120.14928217073918,198.07629615703198,173.75375940147967,4.580396655914887,6.8763163770393945
navy_001001..5000,Univariate Amazon,"NNET, lag=1",1,155.1594723484145,209.84517314035378,169.90233983211442,5.978380728417016,6.632746795159133
navy_001001..5000,Multivariate Amzn Twttr,"VECM, lag=2",2,54.488810267006784,214.12544761855187,174.71973302877143,1.8855835993998633,7.010020268663033
navy_001001..5000,Univariate Amazon,"LINEAR, lag=2",2,192.36139077699312,240.728760651466,202.1570450325524,7.505908483988371,7.9213306322309185
navy_001001..5000,Univariate Amazon,"NNET, lag=2",2,111.05250366916624,284.89591418910123,232.98387189823558,4.616687975614374,9.34308876231271
navy_001001..5000,Multivariate Amzn Twttr,"VECM, lag=3",3,100.79434059166942,254.4099707711573,206.1589608172336,3.7494817163689373,8.1998670522391
navy_001001..5000,Univariate Amazon,"LINEAR, lag=3",3,235.24877063595233,274.0884337591857,235.24877063595233,9.241281931122213,9.241281931122213
navy_001001..5000,Univariate Amazon,"NNET, lag=3",3,-5.92383544784883,153.67444567048895,116.88684649805981,-0.5443883293646468,4.693675834929071
navy_001001..5000,Multivariate Amzn Twttr,"VECM, lag=4",4,83.69121144381046,261.89567575849,211.23620085096337,3.0370487615326884,8.42192141677041
navy_001001..5000,Univariate Amazon,"LINEAR, lag=4",4,259.0779217715352,294.41230619168806,259.0779217715352,10.205199148300494,10.205199148300494
navy_001001..5000,Univariate Amazon,"NNET, lag=4",4,325.7409135197478,392.5971023289027,347.7941862860306,13.178302918051395,14.101420237694878
navy_001001..5000,Multivariate Amzn Twttr,"VECM, lag=5",5,63.72469961854483,275.7470427352003,218.1075726751959,2.2510352379254446,8.684169147916235
navy_001001..5000,Univariate Amazon,"LINEAR, lag=5",5,272.2164751237811,306.0748303511441,272.2164751237811,10.736469399308687,10.736469399308687
navy_001001..5000,Univariate Amazon,"NNET, lag=5",5,285.64269952463576,398.21365598276003,346.0934865112033,11.307164525422701,13.955323434320105
navy_300000+,Multivariate Amzn Twttr,"VECM, lag=1",1,185722.92257628668,264112.3516155087,226478.6824740851,11.427631185256999,13.905705522055218
navy_300000+,Univariate Amazon,"LINEAR, lag=1",1,71619.3441457435,167576.45995959363,142759.77259177962,3.516663603239076,8.695298788398594
navy_300000+,Univariate Amazon,"NNET, lag=1",1,170044.2214731788,258799.53256455658,234260.8453309896,8.756513194003618,14.2165115324351
navy_300000+,Multivariate Amzn Twttr,"VECM, lag=2",2,229890.94459016042,293699.0410447181,244669.3501475854,14.021926408833206,14.911464097725364
navy_300000+,Univariate Amazon,"LINEAR, lag=2",2,43128.32027216075,151176.51548620244,139180.90692080115,1.5814467994850463,8.560662096384238
navy_300000+,Univariate Amazon,"NNET, lag=2",2,46591.00387924639,214980.261390977,190418.8279726707,0.783236109161126,12.386123643988157
navy_300000+,Multivariate Amzn Twttr,"VECM, lag=3",3,285371.1390080493,352023.1032206032,285371.1390080493,16.926349913423223,16.926349913423223
navy_300000+,Univariate Amazon,"LINEAR, lag=3",3,23151.33717687757,165001.43401348023,149124.25184204683,-0.06610744248278189,9.621173606703621
navy_300000+,Univariate Amazon,"NNET, lag=3",3,208302.37755415138,305361.7214602864,282128.6129531292,10.76520737623726,16.889606981218865
navy_300000+,Multivariate Amzn Twttr,"VECM, lag=4",4,299215.6611390582,373359.7689353923,306964.9641948373,17.295447042236326,17.95432910838546
navy_300000+,Univariate Amazon,"LINEAR, lag=4",4,8192.56586273419,174654.72555372183,155415.83278430972,-1.1838651154256197,10.233033754012487
navy_300000+,Univariate Amazon,"NNET, lag=4",4,384853.51365634956,446814.85480873944,417183.55840240954,22.935208770724472,25.32005998852829
navy_300000+,Multivariate Amzn Twttr,"VECM, lag=5",5,294008.2815887795,351432.35492760455,313637.50938389904,16.877301019278043,18.546269966997173
navy_300000+,Univariate Amazon,"LINEAR, lag=5",5,-2603.2787523603474,187090.78288361322,160312.0480575485,-2.0317713895654763,10.736426240317416
navy_300000+,Univariate Amazon,"NNET, lag=5",5,180150.2064502114,281678.785202086,244519.81850019615,9.945734366205507,14.69400950447835
nude_300000+,Multivariate Amzn Twttr,"VECM, lag=1",1,1295.37972738377,774817.9225595965,655143.9785444471,-21.107046573851935,59.30499618265432
nude_300000+,Univariate Amazon,"LINEAR, lag=1",1,-55289.354553910714,708611.0708435316,577190.2862697077,-24.318087661957957,53.71546788192617
nude_300000+,Univariate Amazon,"NNET, lag=1",1,-49114.73599445095,689079.7647872997,600535.6055642066,-22.54397450494744,54.54048095280824
nude_300000+,Multivariate Amzn Twttr,"VECM, lag=2",2,8304.188954049343,729541.1922446237,600104.1955501786,-19.246148751660215,53.98506097889025
nude_300000+,Univariate Amazon,"LINEAR, lag=2",2,-71002.77727372828,670349.483933969,572197.732032683,-26.071328200849177,53.719562157699826
nude_300000+,Univariate Amazon,"NNET, lag=2",2,-103946.15925120439,914342.5859795306,777051.0666271276,-34.17747438883378,69.39865040224358
nude_300000+,Multivariate Amzn Twttr,"VECM, lag=3",3,20081.317866880927,733518.3350298221,609578.9899998177,-18.550874922364002,54.415089246539125
nude_300000+,Univariate Amazon,"LINEAR, lag=3",3,-90925.48118351758,655029.3416576837,558591.3090824021,-27.32737771647352,52.86272830127281
nude_300000+,Univariate Amazon,"NNET, lag=3",3,17275.151771900404,725532.7071708746,599891.8979271473,-17.5861487270156,51.07007962916551
nude_300000+,Multivariate Amzn Twttr,"VECM, lag=4",4,14982.524644071222,734297.4915295681,636302.1405545061,-18.956647093739846,56.34967442571269
nude_300000+,Univariate Amazon,"LINEAR, lag=4",4,-110963.55903316237,640925.122967939,542501.1543415742,-28.640003781195915,51.821696927554925
nude_300000+,Univariate Amazon,"NNET, lag=4",4,-210844.38246490457,788481.616062538,715819.4236209618,-40.61133771647039,71.38193382730898
nude_300000+,Multivariate Amzn Twttr,"VECM, lag=5",5,-6008.349374631682,747054.9648177011,661543.6355175676,-20.963516792112575,59.381200750797014
nude_300000+,Univariate Amazon,"LINEAR, lag=5",5,-128341.69910394304,629634.7000938833,530535.8425507507,-29.907422222327156,51.139201815200856
nude_300000+,Univariate Amazon,"NNET, lag=5",5,-166383.12927866686,902983.2973894689,766933.6258597443,-39.47583733398403,70.60958950086656
nylon_0..1000,Multivariate Amzn Twttr,"VECM, lag=1",1,13.468118145894806,28.297762799190778,22.577400284098474,2.552134522272981,4.2841841645427525
nylon_0..1000,Univariate Amazon,"LINEAR, lag=1",1,25.70252209690223,38.00627684917979,29.67659193255308,4.9117438755092255,5.657347972254226
nylon_0..1000,Univariate Amazon,"NNET, lag=1",1,28.095622541678566,37.401939611189064,34.21239604229956,5.20838674639894,6.493423196109233
nylon_0..1000,Multivariate Amzn Twttr,"VECM, lag=2",2,14.637495513063321,29.988659042542324,23.35746020641053,2.7814402690770166,4.4377857067318
nylon_0..1000,Univariate Amazon,"LINEAR, lag=2",2,35.11518177660299,45.98368900140573,36.44121537199394,6.718697622175514,6.967484413055619
nylon_0..1000,Univariate Amazon,"NNET, lag=2",2,37.72930572193339,44.066387774984335,37.72930572193339,7.111412644424809,7.111412644424809
nylon_0..1000,Multivariate Amzn Twttr,"VECM, lag=3",3,16.578980388473383,31.98861367400755,27.58914002501092,3.1840121079989774,5.301616044449005
nylon_0..1000,Univariate Amazon,"LINEAR, lag=3",3,45.912008726103636,54.365966136142035,45.912008726103636,8.791945257218178,8.791945257218178
nylon_0..1000,Univariate Amazon,"NNET, lag=3",3,44.59292215053378,59.95306152017768,49.75757271375235,8.40325068026585,9.488261302790761
nylon_0..1000,Multivariate Amzn Twttr,"VECM, lag=4",4,16.787319622650813,35.91409236855365,32.73658679209365,3.207078447161415,6.281205662437804
nylon_0..1000,Univariate Amazon,"LINEAR, lag=4",4,55.259312876454054,62.428432874327676,55.259312876454054,10.584446744117145,10.584446744117145
nylon_0..1000,Univariate Amazon,"NNET, lag=4",4,25.558749671303772,41.49600449146582,30.933059131550507,4.550295661171005,5.679352270466538
nylon_0..1000,Multivariate Amzn Twttr,"VECM, lag=5",5,18.6754271756728,36.46890925739012,32.06761996210158,3.5897215501044797,6.166425588469454
nylon_0..1000,Univariate Amazon,"LINEAR, lag=5",5,64.09432508445744,70.2120710409557,64.09432508445744,12.277943887570974,12.277943887570974
nylon_0..1000,Univariate Amazon,"NNET, lag=5",5,19.4837409868813,35.233162608867204,27.452457361927756,3.4135251549069157,5.076222726473265
nylon_005001..10000,Multivariate Amzn Twttr,"VECM, lag=1",1,-90.97786975981046,584.2504095119806,504.0377184350838,-1.6237806059672235,6.880341113351541
nylon_005001..10000,Univariate Amazon,"LINEAR, lag=1",1,-171.91238628745168,532.3786067885247,448.1532843125808,-2.856492760830201,6.360855695034031
nylon_005001..10000,Univariate Amazon,"NNET, lag=1",1,-9.629284064255671,373.34996081059813,331.52648734888817,-0.42963665727893285,4.580109939897323
nylon_005001..10000,Multivariate Amzn Twttr,"VECM, lag=2",2,36.9451167806169,642.4157620053217,604.7105821980226,-0.042235764879575255,8.36326719644224
nylon_005001..10000,Univariate Amazon,"LINEAR, lag=2",2,-178.79701024898566,530.6144476910587,446.33106500325914,-2.9477930262873246,6.340751948033809
nylon_005001..10000,Univariate Amazon,"NNET, lag=2",2,-102.150398781087,667.762627529896,531.464777351558,-1.9952093009051073,7.497444635316966
nylon_005001..10000,Multivariate Amzn Twttr,"VECM, lag=3",3,-244.9924587758851,598.7214667662477,511.3215453407372,-3.5405521548314702,7.0377532320624825
nylon_005001..10000,Univariate Amazon,"LINEAR, lag=3",3,-180.54175593634932,540.7359695519984,448.01153847703586,-2.9828691759958748,6.380852525826159
nylon_005001..10000,Univariate Amazon,"NNET, lag=3",3,-85.84339068979602,662.4904170244087,535.5059538730552,-1.7641134888659147,7.482671171270742
nylon_005001..10000,Multivariate Amzn Twttr,"VECM, lag=4",4,-347.00821456416384,514.5285818255421,480.7759341359945,-4.968716050811022,6.772244695435946
nylon_005001..10000,Univariate Amazon,"LINEAR, lag=4",4,-198.16214682647637,532.914529797348,438.6941506932992,-3.2145626122612505,6.25764875251515
nylon_005001..10000,Univariate Amazon,"NNET, lag=4",4,-139.37488407479395,426.431220270011,398.9484667882664,-2.1916390500350795,5.601331516435626
nylon_005001..10000,Multivariate Amzn Twttr,"VECM, lag=5",5,11.179719351915992,721.0404469470596,557.9061071034155,-0.011909895024390993,7.5925811307596245
nylon_005001..10000,Univariate Amazon,"LINEAR, lag=5",5,-198.39626237026266,532.8996553406074,437.80076467757056,-3.217728482493297,6.246332443841276
nylon_005001..10000,Univariate Amazon,"NNET, lag=5",5,-392.14559614087386,654.565587703244,529.0951598216856,-5.845639093708256,7.61824947966823
nylon_010001..20000,Multivariate Amzn Twttr,"VECM, lag=1",1,-185.4160947462451,899.2772115186067,756.2151578186322,-1.4832683471564012,5.424209548230601
nylon_010001..20000,Univariate Amazon,"LINEAR, lag=1",1,-505.21381786088955,904.8387069907805,731.4289397016353,-3.861767568202533,5.390474727046789
nylon_010001..20000,Univariate Amazon,"NNET, lag=1",1,-897.8567929695259,1254.4969381662702,1098.9661122860598,-6.689264337802985,8.053272200774593
nylon_010001..20000,Multivariate Amzn Twttr,"VECM, lag=2",2,-461.70870569335034,1005.1508547384226,865.8167573088479,-3.4246044294836495,6.18067339293513
nylon_010001..20000,Univariate Amazon,"LINEAR, lag=2",2,-378.2514366476112,823.426621230866,662.5561527793252,-2.949337804211905,4.866679956820194
nylon_010001..20000,Univariate Amazon,"NNET, lag=2",2,-736.9979649412635,1125.6674167236174,879.1401891018677,-5.53034105187119,6.494409311235028
nylon_010001..20000,Multivariate Amzn Twttr,"VECM, lag=3",3,-403.2872210935825,1044.9014249767897,820.4202913724189,-2.968146828453558,5.849328384060909
nylon_010001..20000,Univariate Amazon,"LINEAR, lag=3",3,-433.3606788998952,815.1033576772579,649.5011857097586,-3.3345591344217134,4.788791846823486
nylon_010001..20000,Univariate Amazon,"NNET, lag=3",3,-756.0171872999863,978.3663502049624,809.9992169511934,-5.613477700125931,5.973838378705418
nylon_010001..20000,Multivariate Amzn Twttr,"VECM, lag=4",4,-338.1970803100812,879.9023846628935,703.389076677056,-2.4555374067919713,4.947982707366085
nylon_010001..20000,Univariate Amazon,"LINEAR, lag=4",4,-514.2238299667363,872.7083112788146,693.273208801417,-3.922704229925234,5.128408176644057
nylon_010001..20000,Univariate Amazon,"NNET, lag=4",4,-1066.5711787797309,1453.2791018984497,1183.0536483117144,-7.955691419867574,8.737546579854614
nylon_010001..20000,Multivariate Amzn Twttr,"VECM, lag=5",5,-281.709040079146,1433.3133033656081,1209.8354704501778,-1.9988009467568004,8.52062045246566
nylon_010001..20000,Univariate Amazon,"LINEAR, lag=5",5,-494.6911687323013,852.9771709530863,675.2127112677831,-3.780235960549401,4.994578933415677
nylon_010001..20000,Univariate Amazon,"NNET, lag=5",5,-583.1837441987373,993.2092147619952,724.9948079944179,-4.431307081299102,5.408038031481734
nylon_020001..30000,Multivariate Amzn Twttr,"VECM, lag=1",1,-281.60513142500577,1776.7209888533953,1321.4777744064008,-1.4529603086127232,5.487558348209949
nylon_020001..30000,Univariate Amazon,"LINEAR, lag=1",1,160.26474120078774,1362.895831035483,1108.6419483341283,0.38591859481267454,4.527358778773293
nylon_020001..30000,Univariate Amazon,"NNET, lag=1",1,638.7285430678962,2080.5969198833955,1778.9114671742514,2.2598538974690925,7.22505880410828
nylon_020001..30000,Multivariate Amzn Twttr,"VECM, lag=2",2,-370.73625133219684,1818.7794974674466,1531.8526567663912,-1.8407562848156747,6.330832851157128
nylon_020001..30000,Univariate Amazon,"LINEAR, lag=2",2,165.36131391760864,1276.2206418311773,1013.1270916936464,0.4227405750289575,4.13438395493557
nylon_020001..30000,Univariate Amazon,"NNET, lag=2",2,636.9478089147287,1454.4227687940715,1235.3060978936319,2.3215998089905447,4.952512984055461
nylon_020001..30000,Multivariate Amzn Twttr,"VECM, lag=3",3,-291.69290277175423,2053.6769107942223,1801.3646882749554,-1.5512870291952883,7.421709170162105
nylon_020001..30000,Univariate Amazon,"LINEAR, lag=3",3,297.03584996214477,1283.679317027381,1086.601466346457,0.9546269089826299,4.401060807312634
nylon_020001..30000,Univariate Amazon,"NNET, lag=3",3,416.5876813591253,1274.742391336051,1101.284713040482,1.4669302676156244,4.458004991720645
nylon_020001..30000,Multivariate Amzn Twttr,"VECM, lag=4",4,-110.02276308009596,2053.1187318895345,1780.0392677607028,-0.8177717360425305,7.308072788911916
nylon_020001..30000,Univariate Amazon,"LINEAR, lag=4",4,314.4979347673757,1264.4954169426264,1068.3834458739625,1.0296674967413741,4.321820049436116
nylon_020001..30000,Univariate Amazon,"NNET, lag=4",4,610.0361141616186,1316.2915844770343,1127.4200770848674,2.239860738553365,4.519027214956817
nylon_020001..30000,Multivariate Amzn Twttr,"VECM, lag=5",5,-436.627016854256,2010.357504516178,1781.0393773196183,-2.105187447264158,7.327556048779119
nylon_020001..30000,Univariate Amazon,"LINEAR, lag=5",5,354.60657123585815,1271.2900599573995,1087.187593224929,1.1923460800158676,4.3884407749128105
nylon_020001..30000,Univariate Amazon,"NNET, lag=5",5,1287.1756102397776,2812.253406998974,2244.099525237868,4.802251517101103,8.950933661378745
nylon_150001..200000,Multivariate Amzn Twttr,"VECM, lag=1",1,-1416.0161477637994,11828.63292661984,9490.454770474618,-1.1379409426496045,5.640979123643996
nylon_150001..200000,Univariate Amazon,"LINEAR, lag=1",1,-3076.5624480503902,9359.78209871763,8058.615773815291,-2.08324711085399,4.827956712688364
nylon_150001..200000,Univariate Amazon,"NNET, lag=1",1,-414.2222632930461,12031.510580833861,10702.81379196388,-0.5609480803758475,6.369806159837319
nylon_150001..200000,Multivariate Amzn Twttr,"VECM, lag=2",2,-2382.3604740818337,10287.768532371038,8528.828658405568,-1.6924539493383386,5.0778296469360535
nylon_150001..200000,Univariate Amazon,"LINEAR, lag=2",2,-3032.217795012657,9115.259513080135,7901.611189101837,-2.049950189242517,4.735318334742623
nylon_150001..200000,Univariate Amazon,"NNET, lag=2",2,-3477.8693768238372,12092.784187067833,10731.078260732793,-2.3951987903001686,6.403534603616036
nylon_150001..200000,Multivariate Amzn Twttr,"VECM, lag=3",3,-1429.016366194246,9944.427226360589,8949.189560517607,-1.121068679898186,5.3075700182926875
nylon_150001..200000,Univariate Amazon,"LINEAR, lag=3",3,-3021.1802037736707,9091.661127039817,7793.890541680186,-2.0425607491702626,4.6695011425890005
nylon_150001..200000,Univariate Amazon,"NNET, lag=3",3,-3533.376596725353,10537.853852040684,8974.086354951713,-2.360711396621302,5.364307916836088
nylon_150001..200000,Multivariate Amzn Twttr,"VECM, lag=4",4,-490.7070133642774,15040.368430527946,12794.1908810245,-0.6774189869628409,7.542785334790744
nylon_150001..200000,Univariate Amazon,"LINEAR, lag=4",4,-2996.715243998995,9112.611700262592,7848.424582973821,-2.0291543908531,4.70205654365917
nylon_150001..200000,Univariate Amazon,"NNET, lag=4",4,-1630.3900941059328,11366.133464182278,9785.90788530853,-1.2729504649359358,5.8210523812625885
nylon_150001..200000,Multivariate Amzn Twttr,"VECM, lag=5",5,-582.0998893833093,13933.548518744969,11828.50415319213,-0.7157630296690851,6.982460965482604
nylon_150001..200000,Univariate Amazon,"LINEAR, lag=5",5,-2997.61277465308,9120.927898502077,7848.132521595489,-2.029924926318853,4.70187564939323
nylon_150001..200000,Univariate Amazon,"NNET, lag=5",5,-670.1130807629452,10648.906230614975,9786.038478819697,-0.6968651891124211,5.783905504606081
nylon_200001..250000,Multivariate Amzn Twttr,"VECM, lag=1",1,968.3075972927909,11680.846530738283,10398.397737955034,0.22483480293456837,4.672349120850226
nylon_200001..250000,Univariate Amazon,"LINEAR, lag=1",1,1217.9246163352946,10331.99379368562,8564.925663075432,0.33348198666386075,3.828775899601006
nylon_200001..250000,Univariate Amazon,"NNET, lag=1",1,-2259.2038522133407,9236.794410280789,7825.635927954649,-1.1733977292593498,3.54589743797254
nylon_200001..250000,Multivariate Amzn Twttr,"VECM, lag=2",2,2113.833928410666,11047.101132331962,9114.846109323542,0.7385347133556042,4.060926143780383
nylon_200001..250000,Univariate Amazon,"LINEAR, lag=2",2,1309.2349308660378,10167.683051769915,8327.238040518587,0.377002778327592,3.722833785588845
nylon_200001..250000,Univariate Amazon,"NNET, lag=2",2,3886.0616222938443,11393.265350545844,9335.237901595374,1.5199860447676827,4.129087444913989
nylon_200001..250000,Multivariate Amzn Twttr,"VECM, lag=3",3,3176.018528071425,12818.28374151694,10620.3299178528,1.1998789977835234,4.739158025226429
nylon_200001..250000,Univariate Amazon,"LINEAR, lag=3",3,1218.4001629684244,10330.651066630959,8275.532165788023,0.33230140543621944,3.7031723145312494
nylon_200001..250000,Univariate Amazon,"NNET, lag=3",3,-1285.0676121967408,14124.571537405447,9192.904982426786,-0.8540996641349368,4.207196463219722
nylon_200001..250000,Multivariate Amzn Twttr,"VECM, lag=4",4,3659.529883117215,12202.042813094115,10322.840757642112,1.4273502879825029,4.6099015564522805
nylon_200001..250000,Univariate Amazon,"LINEAR, lag=4",4,1150.752348779799,10385.108027740047,8182.201237787023,0.3006640748829631,3.6635930940255554
nylon_200001..250000,Univariate Amazon,"NNET, lag=4",4,-322.6977609773239,12385.99520117497,9558.805784928627,-0.34881286014612867,4.349075738070334
nylon_200001..250000,Multivariate Amzn Twttr,"VECM, lag=5",5,3552.646006895433,12314.06712126747,10013.481387086322,1.3739088434372606,4.482668888953661
nylon_200001..250000,Univariate Amazon,"LINEAR, lag=5",5,1165.904227858413,10368.676582950753,8209.088716509086,0.3078131524051937,3.674998155553543
nylon_200001..250000,Univariate Amazon,"NNET, lag=5",5,-399.9781787768916,9992.944647456865,8469.311357515868,-0.37012535976300254,3.7941381832062713
nylon_300000+,Multivariate Amzn Twttr,"VECM, lag=1",1,23739.403724916745,392935.1927695037,357164.7163005527,-3.047999809897844,24.123625070914002
nylon_300000+,Univariate Amazon,"LINEAR, lag=1",1,-73866.81246966054,479074.5146219317,377330.6893041445,-11.19358945835052,27.168057026159495
nylon_300000+,Univariate Amazon,"NNET, lag=1",1,-30940.345367723086,403285.0951997086,365535.2428176131,-7.045570687568749,25.605811993627757
nylon_300000+,Multivariate Amzn Twttr,"VECM, lag=2",2,-29518.643105902476,490425.0898023906,394896.7354905924,-8.45760322672236,27.897099201596333
nylon_300000+,Univariate Amazon,"LINEAR, lag=2",2,-98416.14084498308,462428.8442442892,353810.52661120845,-13.20825244787552,26.35685301009895
nylon_300000+,Univariate Amazon,"NNET, lag=2",2,-201945.51033508364,444460.69484622363,370091.09741790674,-18.910105597045124,27.912888750387836
nylon_300000+,Multivariate Amzn Twttr,"VECM, lag=3",3,26447.520501168663,491485.52490489976,432040.17672379594,-3.7841899816479287,29.623446512017317
nylon_300000+,Univariate Amazon,"LINEAR, lag=3",3,-113237.58031634163,426434.0941681141,345510.0871081501,-13.507612283727173,25.593244432622036
nylon_300000+,Univariate Amazon,"NNET, lag=3",3,-270668.35978418257,484839.95972762164,413085.6298732888,-23.346091133945748,31.173778621575956
nylon_300000+,Multivariate Amzn Twttr,"VECM, lag=4",4,93775.62999769117,490336.33233986615,405654.3797559121,1.8076479019666047,26.57668855481291
nylon_300000+,Univariate Amazon,"LINEAR, lag=4",4,-153582.1037285625,444689.75086475525,347236.2291106476,-16.307765098584373,26.123767751194293
nylon_300000+,Univariate Amazon,"NNET, lag=4",4,-304585.6951859535,494500.5172155078,393173.8271680124,-25.91496313480553,30.35060188448816
nylon_300000+,Multivariate Amzn Twttr,"VECM, lag=5",5,42834.096025130086,469845.9057910281,418667.99022695137,-1.3049025667008278,26.565644115761124
nylon_300000+,Univariate Amazon,"LINEAR, lag=5",5,-189395.16268897595,462087.68800518016,344529.25448387477,-18.973766388514022,26.49248655986476
nylon_300000+,Univariate Amazon,"NNET, lag=5",5,-830150.3044636899,925571.3487083657,830150.3044636899,-63.08740773315646,63.08740773315646
patch_300000+,Multivariate Amzn Twttr,"VECM, lag=1",1,-940617.7452851285,2050244.4231334033,1290844.8531702925,-20.18782466719856,33.642979378444764
patch_300000+,Univariate Amazon,"LINEAR, lag=1",1,-750469.1439647757,1595250.4041226958,1109688.7868099092,-20.32504443391959,31.860154253590785
patch_300000+,Univariate Amazon,"NNET, lag=1",1,-1576054.1000658977,2100871.4779465967,1578477.557915432,-44.151535986130625,44.24978231240143
patch_300000+,Multivariate Amzn Twttr,"VECM, lag=2",2,-859065.5222566316,1984232.6547777243,1244771.4908201804,-17.85268694317789,32.68030983533469
patch_300000+,Univariate Amazon,"LINEAR, lag=2",2,-671105.1772134133,1674124.6384170095,1363216.3449189025,-27.690602804888826,42.28683392131414
patch_300000+,Univariate Amazon,"NNET, lag=2",2,-685830.4491950094,4029527.83878943,2944421.451586927,-67.72155230478634,115.98254224807951
patch_300000+,Multivariate Amzn Twttr,"VECM, lag=3",3,-877167.1390698162,1730408.123667279,1438759.753172576,-28.931609901443874,45.53053356700911
patch_300000+,Univariate Amazon,"LINEAR, lag=3",3,-956826.7519388096,2011851.8046258837,1705495.6411328944,-47.012270039668685,60.44270806727452
patch_300000+,Univariate Amazon,"NNET, lag=3",3,-1918296.5636030664,4040798.7684135837,2899927.2295366633,-97.72781442798478,115.3373745621189
patch_300000+,Multivariate Amzn Twttr,"VECM, lag=4",4,-919946.3559399088,2021332.9009286705,1473770.0814209022,-33.543561412636635,44.48088417414544
patch_300000+,Univariate Amazon,"LINEAR, lag=4",4,-1392972.273904771,2416172.533804212,2122280.739211247,-69.4809798480893,82.56410950351125
patch_300000+,Univariate Amazon,"NNET, lag=4",4,-3877757.9041786455,4444702.706000541,3877757.9041786455,-152.16628242904545,152.16628242904545
patch_300000+,Multivariate Amzn Twttr,"VECM, lag=5",5,-952152.1976839805,2158542.443069365,1608038.1074519225,-33.573772969642214,46.98433322130588
patch_300000+,Univariate Amazon,"LINEAR, lag=5",5,-1853010.494874304,2785203.737714889,2538213.7052181903,-90.25432014209687,102.0499965937762
patch_300000+,Univariate Amazon,"NNET, lag=5",5,-4474502.139324395,6128274.208243897,5796631.822478221,-211.0754641699417,230.35210246141986
pink_005001..10000,Multivariate Amzn Twttr,"VECM, lag=1",1,53.92815193850663,454.22497394822136,330.98403214106804,0.5862991116497778,4.6211550093044105
pink_005001..10000,Univariate Amazon,"LINEAR, lag=1",1,-172.06981786247889,342.03370869844713,290.4880363978514,-2.5571374972853302,4.134978373586915
pink_005001..10000,Univariate Amazon,"NNET, lag=1",1,-33.46759672242081,325.9783001512831,278.08175202310906,-0.6264078904160965,3.893491404799424
pink_005001..10000,Multivariate Amzn Twttr,"VECM, lag=2",2,-37.76779115906663,431.88630099339696,331.5096708771706,-0.6827233129315404,4.658512900518339
pink_005001..10000,Univariate Amazon,"LINEAR, lag=2",2,-257.31045216079303,361.63624399930706,315.2567864806639,-3.7442832225363416,4.512292955072734
pink_005001..10000,Univariate Amazon,"NNET, lag=2",2,91.08318524756294,265.63977663790365,184.9358317744601,1.1765929016059729,2.5723713242007045
pink_005001..10000,Multivariate Amzn Twttr,"VECM, lag=3",3,-136.11760607031943,411.704651230857,330.95164839390964,-2.0268491876729025,4.645541677716947
pink_005001..10000,Univariate Amazon,"LINEAR, lag=3",3,-237.36355193309487,350.38007867163157,306.9354392086477,-3.4661240980824024,4.389615943342276
pink_005001..10000,Univariate Amazon,"NNET, lag=3",3,-10.486560644977772,247.84111334347898,195.4559362969403,-0.26923620400235215,2.7389305923683147
pink_005001..10000,Multivariate Amzn Twttr,"VECM, lag=4",4,-163.35422566539683,439.34016294790314,340.5640050908253,-2.4113127558931295,4.771636171966555
pink_005001..10000,Univariate Amazon,"LINEAR, lag=4",4,-241.78442583859328,356.15697057355186,313.5222033263567,-3.5307003834903723,4.484500977593214
pink_005001..10000,Univariate Amazon,"NNET, lag=4",4,-150.77304738877137,320.12442334512195,284.54536697411027,-2.2602311626971145,4.039196290407363
pink_005001..10000,Multivariate Amzn Twttr,"VECM, lag=5",5,-139.17190568900298,440.75596834258783,354.49944604242035,-2.0502510532476634,4.938281158840685
pink_005001..10000,Univariate Amazon,"LINEAR, lag=5",5,-255.99457677146256,364.16084735572605,318.64078388846906,-3.7296131328675433,4.562113297361004
pink_005001..10000,Univariate Amazon,"NNET, lag=5",5,-149.36570296525645,666.9316532288458,415.30380632056983,-2.260190354666018,5.862013618020475
pink_010001..20000,Multivariate Amzn Twttr,"VECM, lag=1",1,47.77879333547935,1124.1768656458114,1002.5833784212432,-0.08979306091695594,7.310362194788306
pink_010001..20000,Univariate Amazon,"LINEAR, lag=1",1,-653.5763270320174,1145.9204140115885,971.3696618821748,-5.174296571203433,7.3238514284187595
pink_010001..20000,Univariate Amazon,"NNET, lag=1",1,-429.50943069816753,931.370299368679,794.5678815851418,-3.488207020626353,5.962092562175391
pink_010001..20000,Multivariate Amzn Twttr,"VECM, lag=2",2,64.73918674741981,1018.0442338547379,818.3252255639482,0.05998528744378895,5.952081056077382
pink_010001..20000,Univariate Amazon,"LINEAR, lag=2",2,-664.537917188672,1108.4533714387376,904.157923729194,-5.229307595349956,6.855693773580651
pink_010001..20000,Univariate Amazon,"NNET, lag=2",2,-621.835441218019,1693.2118864510749,1141.8530362782237,-5.066658062543224,8.597227577316602
pink_010001..20000,Multivariate Amzn Twttr,"VECM, lag=3",3,34.10683089810618,955.2759033487583,764.9455829275125,-0.12702263666834823,5.5958770234895105
pink_010001..20000,Univariate Amazon,"LINEAR, lag=3",3,-821.6270525137872,1182.3408506298401,962.9359992632092,-6.369260877064474,7.324202439988392
pink_010001..20000,Univariate Amazon,"NNET, lag=3",3,-693.7701220322526,1538.536292095089,1089.5386227293,-5.5309726200477005,8.298736549782177
pink_010001..20000,Multivariate Amzn Twttr,"VECM, lag=4",4,-64.87772874160805,948.8534969053563,816.6330246698478,-0.8472657815274909,6.019340215204242
pink_010001..20000,Univariate Amazon,"LINEAR, lag=4",4,-890.6576882959198,1224.5792415007083,992.1171259934058,-6.871119679626249,7.555543664149694
pink_010001..20000,Univariate Amazon,"NNET, lag=4",4,-18.574886468744353,797.4526025043865,707.5028839668216,-0.45318604006396196,5.179341828465046
pink_010001..20000,Multivariate Amzn Twttr,"VECM, lag=5",5,-73.66764836139009,989.951579406819,846.2822774463316,-0.9319012027988052,6.221151231363963
pink_010001..20000,Univariate Amazon,"LINEAR, lag=5",5,-928.9936345617575,1244.91812419768,1004.4269119036244,-7.146899984447035,7.654676941499525
pink_010001..20000,Univariate Amazon,"NNET, lag=5",5,-591.1987699602485,1023.6718080227935,868.4100156384982,-4.681096591324814,6.557088382663153
pink_300000+,Multivariate Amzn Twttr,"VECM, lag=1",1,5711.2037376958615,211368.25708044684,178607.03896372067,-3.0913526741523265,23.39720098882582
pink_300000+,Univariate Amazon,"LINEAR, lag=1",1,-150867.77286106918,254577.32276598536,190095.31065378492,-22.643099888101055,26.476206273825714
pink_300000+,Univariate Amazon,"NNET, lag=1",1,-214020.286218802,357895.3975582114,250910.67425257378,-31.629024031176765,35.429519814841846
pink_300000+,Multivariate Amzn Twttr,"VECM, lag=2",2,9229.359400105473,210759.64281315086,177594.42643725156,-2.6269430880132028,23.175660220289938
pink_300000+,Univariate Amazon,"LINEAR, lag=2",2,-286657.0374025743,349566.5924100422,286657.0374025743,-39.5517640297131,39.5517640297131
pink_300000+,Univariate Amazon,"NNET, lag=2",2,-304814.1267343311,342807.3233858904,304814.1267343311,-41.539692351430396,41.539692351430396
pink_300000+,Multivariate Amzn Twttr,"VECM, lag=3",3,2834.841739726209,221473.5890883676,174289.32485355425,-4.104925958701765,23.170137522804012
pink_300000+,Univariate Amazon,"LINEAR, lag=3",3,-414983.61539251584,457023.53578083724,414983.61539251584,-55.477809367308296,55.477809367308296
pink_300000+,Univariate Amazon,"NNET, lag=3",3,-358666.5663963888,391003.20213288645,358666.5663963888,-48.17542498341429,48.17542498341429
pink_300000+,Multivariate Amzn Twttr,"VECM, lag=4",4,-15079.383520633652,222755.35201599722,167532.5135759073,-6.476065417139269,21.656917085673825
pink_300000+,Univariate Amazon,"LINEAR, lag=4",4,-528200.1797545077,559738.2167887164,528200.1797545077,-69.53625286962532,69.53625286962532
pink_300000+,Univariate Amazon,"NNET, lag=4",4,-428572.5304693758,455786.59507595195,428572.5304693758,-56.85317974311026,56.85317974311026
pink_300000+,Multivariate Amzn Twttr,"VECM, lag=5",5,-39567.28637718248,184787.54313122097,161740.29442666913,-8.615784189597681,21.11043647548506
pink_300000+,Univariate Amazon,"LINEAR, lag=5",5,-629435.8872108974,654668.5469824923,629435.8872108974,-82.10498315089694,82.10498315089694
pink_300000+,Univariate Amazon,"NNET, lag=5",5,-400941.1193349923,435454.1899014282,400941.1193349923,-53.70667513815498,53.70667513815498
polyester_0..1000,Multivariate Amzn Twttr,"VECM, lag=1",1,3.2401022300411952,21.976716450645938,16.761993916739605,0.5357446851192764,3.310816605445768
polyester_0..1000,Univariate Amazon,"LINEAR, lag=1",1,16.694116863450454,29.859512961428866,21.716404338185463,3.1843411146260676,4.222246629468989
polyester_0..1000,Univariate Amazon,"NNET, lag=1",1,19.202803515050157,31.221623037017572,20.01070785101306,3.7291728472588264,3.8881573999730317
polyester_0..1000,Multivariate Amzn Twttr,"VECM, lag=2",2,7.655307829359309,25.19298272859421,21.18780092236691,1.4052267182090374,4.149559086131343
polyester_0..1000,Univariate Amazon,"LINEAR, lag=2",2,30.990840657693738,37.4969932363148,30.990840657693738,6.011914964195126,6.011914964195126
polyester_0..1000,Univariate Amazon,"NNET, lag=2",2,9.548741934455578,18.61431434127944,16.452599029102174,1.7771111036105731,3.246016868428998
polyester_0..1000,Multivariate Amzn Twttr,"VECM, lag=3",3,9.480158256717687,28.357488557407137,24.522056092949327,1.790201488901067,4.760767124353786
polyester_0..1000,Univariate Amazon,"LINEAR, lag=3",3,39.78887676509591,44.726812781294754,39.78887676509591,7.748597625747208,7.748597625747208
polyester_0..1000,Univariate Amazon,"NNET, lag=3",3,36.92086195601855,47.14646559973623,36.92086195601855,7.233937260270617,7.233937260270617
polyester_0..1000,Multivariate Amzn Twttr,"VECM, lag=4",4,11.57766851913776,30.39884394067142,25.939883646620544,2.210847020435772,5.030605439564477
polyester_0..1000,Univariate Amazon,"LINEAR, lag=4",4,47.52516689297007,51.92353255636727,47.52516689297007,9.272352411147335,9.272352411147335
polyester_0..1000,Univariate Amazon,"NNET, lag=4",4,39.90472443821628,57.49620780302592,39.90472443821628,7.911880931389213,7.911880931389213
polyester_0..1000,Multivariate Amzn Twttr,"VECM, lag=5",5,11.134494638435768,30.313221412993677,25.947145601356084,2.136320943071322,5.044012903949088
polyester_0..1000,Univariate Amazon,"LINEAR, lag=5",5,55.362738634558504,59.1910552714243,55.362738634558504,10.816939359584564,10.816939359584564
polyester_0..1000,Univariate Amazon,"NNET, lag=5",5,45.91271690832407,78.1181737802254,53.148756861372675,9.22054075880006,10.642355346039174
polyester_001001..5000,Multivariate Amzn Twttr,"VECM, lag=1",1,-27.75427103325069,248.7936708361271,207.84229864013662,-1.730172511545561,8.29700227878423
polyester_001001..5000,Univariate Amazon,"LINEAR, lag=1",1,-20.41789027502398,222.89938918168005,186.64172761022303,-1.3890706583637686,7.45403467391905
polyester_001001..5000,Univariate Amazon,"NNET, lag=1",1,-19.235256005437122,228.73869668251513,191.8611013538923,-1.3669439747158185,7.670720380932382
polyester_001001..5000,Multivariate Amzn Twttr,"VECM, lag=2",2,0.8803813838996462,261.9191340036677,223.35347745334224,-0.5982315744603248,8.792066953316304
polyester_001001..5000,Univariate Amazon,"LINEAR, lag=2",2,-9.107055325983026,196.7752947561059,165.77189650603958,-0.8977327075701436,6.621192186111985
polyester_001001..5000,Univariate Amazon,"NNET, lag=2",2,-117.65438057807285,323.33726655492353,297.3359720401145,-5.355026397447601,11.940570026752143
polyester_001001..5000,Multivariate Amzn Twttr,"VECM, lag=3",3,37.11865596235464,242.763655829741,212.03715594322534,0.852766622302106,8.278280432347522
polyester_001001..5000,Univariate Amazon,"LINEAR, lag=3",3,-3.6837480416617154,185.1799695693128,155.1537274848306,-0.6612554966299451,6.199709929984298
polyester_001001..5000,Univariate Amazon,"NNET, lag=3",3,-84.16757530585141,382.2106626634046,349.5143580782975,-4.227971547125857,13.96156973751187
polyester_001001..5000,Multivariate Amzn Twttr,"VECM, lag=4",4,-47.37406539752334,238.83777691741426,197.99341148267723,-2.442725002720803,7.918383271510012
polyester_001001..5000,Univariate Amazon,"LINEAR, lag=4",4,-1.660404298042522,181.16098483825266,150.95684204905558,-0.5726485627937399,6.033608281917639
polyester_001001..5000,Univariate Amazon,"NNET, lag=4",4,-144.1260367156894,227.62640574732515,174.32370377310264,-6.131317454630458,7.218376484706051
polyester_001001..5000,Multivariate Amzn Twttr,"VECM, lag=5",5,12.965049280263031,261.82977393884914,228.15134613896356,-0.03203632034231185,8.799747575130965
polyester_001001..5000,Univariate Amazon,"LINEAR, lag=5",5,-1.0303442061263581,179.92907403300387,149.56509718718036,-0.5449546811515193,5.978743567146625
polyester_001001..5000,Univariate Amazon,"NNET, lag=5",5,25.925935193570297,326.30474082485415,298.3710497647431,0.3708437822822759,11.601501537502873
polyester_005001..10000,Multivariate Amzn Twttr,"VECM, lag=1",1,-20.504699156518654,373.6174697621723,285.48288473829507,-0.4904626323455765,3.978409569056139
polyester_005001..10000,Univariate Amazon,"LINEAR, lag=1",1,-354.68341510671416,482.0216546676622,428.63069794123953,-5.22173617540852,6.16941377164747
polyester_005001..10000,Univariate Amazon,"NNET, lag=1",1,-146.58929868777193,379.77411238777336,326.7017971561987,-2.2960396310233944,4.626013389088068
polyester_005001..10000,Multivariate Amzn Twttr,"VECM, lag=2",2,-22.69460256659113,398.5743719779066,307.1558218927905,-0.5370479465108156,4.278982641910811
polyester_005001..10000,Univariate Amazon,"LINEAR, lag=2",2,-452.8350346894098,588.8709663578453,526.4335934230875,-6.640186793118252,7.583395286437202
polyester_005001..10000,Univariate Amazon,"NNET, lag=2",2,-160.69624463821492,400.3673097835085,334.48206669804244,-2.5092192837858374,4.752133930112118
polyester_005001..10000,Multivariate Amzn Twttr,"VECM, lag=3",3,-56.320766098338936,412.4061337647397,325.4854777422993,-1.0251668259357283,4.542208794151362
polyester_005001..10000,Univariate Amazon,"LINEAR, lag=3",3,-468.09123257223564,596.226481236036,534.285540062222,-6.85087091937943,7.699189610779998
polyester_005001..10000,Univariate Amazon,"NNET, lag=3",3,-219.86473424814437,404.7382011503704,345.0229256034148,-3.3267539473741605,4.930729230666105
polyester_005001..10000,Multivariate Amzn Twttr,"VECM, lag=4",4,-84.02950938905963,430.6251456665079,322.620344930907,-1.4364561523474417,4.514331252269734
polyester_005001..10000,Univariate Amazon,"LINEAR, lag=4",4,-352.13035362338644,500.4844631489512,454.31184385029326,-5.2054224206162445,6.514937866302606
polyester_005001..10000,Univariate Amazon,"NNET, lag=4",4,-137.98978362622518,477.89773034038865,452.0475778873971,-2.213716340723035,6.398240541856929
polyester_005001..10000,Multivariate Amzn Twttr,"VECM, lag=5",5,-83.55781146488675,397.083733408808,294.52133988658375,-1.411178332210015,4.114799098859983
polyester_005001..10000,Univariate Amazon,"LINEAR, lag=5",5,-302.4377190247052,457.10738773794424,412.29510508633905,-4.493965677888926,5.901852209500278
polyester_005001..10000,Univariate Amazon,"NNET, lag=5",5,-561.5246594333576,865.3749776368232,698.6517631080601,-8.2388174726107,9.996181354126817
polyester_010001..20000,Multivariate Amzn Twttr,"VECM, lag=1",1,290.63050736675814,553.4955990064778,489.21356599606315,1.9677190099601676,3.3409033639565147
polyester_010001..20000,Univariate Amazon,"LINEAR, lag=1",1,183.1325235833383,342.36391411321216,290.354353876653,1.2173659759569286,1.9675757528734643
polyester_010001..20000,Univariate Amazon,"NNET, lag=1",1,528.2333909054332,849.3213557638908,770.6980561141313,3.5953825728636524,5.275620227182958
polyester_010001..20000,Multivariate Amzn Twttr,"VECM, lag=2",2,383.4841373301372,619.9159922668354,515.8722511863109,2.5930087343158776,3.5126661395003174
polyester_010001..20000,Univariate Amazon,"LINEAR, lag=2",2,195.57115608136496,336.66254282514933,268.3906747771705,1.3045873421556864,1.8139094521262074
polyester_010001..20000,Univariate Amazon,"NNET, lag=2",2,299.68252501726033,510.4296122927042,405.9209230906356,2.001683124450676,2.743402561274853
polyester_010001..20000,Multivariate Amzn Twttr,"VECM, lag=3",3,431.50965040493907,553.150504247943,431.50965040493907,2.9360836181768817,2.9360836181768817
polyester_010001..20000,Univariate Amazon,"LINEAR, lag=3",3,215.17849837684457,365.4451648139539,298.628504806569,1.4359958741282859,2.0196671077321655
polyester_010001..20000,Univariate Amazon,"NNET, lag=3",3,409.8603251791985,486.3722021388529,409.8603251791985,2.7730295300464207,2.7730295300464207
polyester_010001..20000,Multivariate Amzn Twttr,"VECM, lag=4",4,417.66607748180695,572.3217029635844,433.39153251364996,2.8365297752891916,2.9440395519477205
polyester_010001..20000,Univariate Amazon,"LINEAR, lag=4",4,211.09252379434474,342.7639504785589,272.973104003986,1.4108994345906956,1.8448577533641946
polyester_010001..20000,Univariate Amazon,"NNET, lag=4",4,334.18924557107607,431.62764853028756,341.15878656676955,2.254180227780672,2.303137385659946
polyester_010001..20000,Multivariate Amzn Twttr,"VECM, lag=5",5,420.53448180497026,759.6028802655518,564.7348516997627,2.8468459911438564,3.8500770547917753
polyester_010001..20000,Univariate Amazon,"LINEAR, lag=5",5,209.86203992034552,343.7855264559218,275.61593185495667,1.4021850723066016,1.8632634091176907
polyester_010001..20000,Univariate Amazon,"NNET, lag=5",5,172.44316279786312,321.6838418308367,262.16572663712054,1.146080372052006,1.7747520791519296
polyester_020001..30000,Multivariate Amzn Twttr,"VECM, lag=1",1,-184.1278795183007,758.9993093584701,660.1407143164506,-0.8119215228148238,2.685060882615463
polyester_020001..30000,Univariate Amazon,"LINEAR, lag=1",1,-492.4556621085271,724.4052032104082,632.6309765624915,-2.0551183415140835,2.6030848574984637
polyester_020001..30000,Univariate Amazon,"NNET, lag=1",1,50.42701386354884,666.5033522844598,579.2869050100912,0.14490609621292694,2.346409015614103
polyester_020001..30000,Multivariate Amzn Twttr,"VECM, lag=2",2,-210.92410531540918,647.261675708914,573.7656925112442,-0.910166738739134,2.3488514739180135
polyester_020001..30000,Univariate Amazon,"LINEAR, lag=2",2,-437.07605519353865,792.4695363150539,685.5259507724327,-1.8426893977956458,2.8186005933343896
polyester_020001..30000,Univariate Amazon,"NNET, lag=2",2,96.73969954749009,616.2875137989402,555.4749728185452,0.3362852010876973,2.24803689229109
polyester_020001..30000,Multivariate Amzn Twttr,"VECM, lag=3",3,-114.74169453552213,602.2053553286984,525.1107361025411,-0.49806892683089654,2.1520328853706854
polyester_020001..30000,Univariate Amazon,"LINEAR, lag=3",3,-535.6279305700282,838.5075621019375,706.3027325541225,-2.2425458510533556,2.912475667710799
polyester_020001..30000,Univariate Amazon,"NNET, lag=3",3,-238.53542702173445,648.7691217427202,607.1894538725314,-1.0300412405931347,2.482142496241842
polyester_020001..30000,Multivariate Amzn Twttr,"VECM, lag=4",4,-98.69386303810688,515.2826392936624,433.05651442009776,-0.42913283925734214,1.7740358273240084
polyester_020001..30000,Univariate Amazon,"LINEAR, lag=4",4,-599.616863185955,847.6674387726559,712.2226060213084,-2.4987379808752332,2.9389308694853478
polyester_020001..30000,Univariate Amazon,"NNET, lag=4",4,58.115959710659354,577.7389926618524,488.4354625918536,0.18102446613274803,1.9713542328039604
polyester_020001..30000,Multivariate Amzn Twttr,"VECM, lag=5",5,-19.28600470476067,459.1893047771266,423.4205200095985,-0.10193650333160759,1.7345934067498647
polyester_020001..30000,Univariate Amazon,"LINEAR, lag=5",5,-614.8746470578944,872.4379582851457,721.1348367529017,-2.562782617667167,2.978169778821959
polyester_020001..30000,Univariate Amazon,"NNET, lag=5",5,-186.9200013983891,630.5080294553809,591.7984481292206,-0.8198168890110512,2.414859344446289
polyester_030001..40000,Multivariate Amzn Twttr,"VECM, lag=1",1,443.9372581666339,622.6748014883809,493.0189984271383,1.2790652896459909,1.422592376378791
polyester_030001..40000,Univariate Amazon,"LINEAR, lag=1",1,-815.6614177669035,852.234906397628,815.6614177669035,-2.3686945419464767,2.3686945419464767
polyester_030001..40000,Univariate Amazon,"NNET, lag=1",1,-301.14267889820167,410.2373750819814,383.601981500512,-0.8728392441374038,1.1101595187080315
polyester_030001..40000,Multivariate Amzn Twttr,"VECM, lag=2",2,110.58206435423108,448.849279762428,373.82189933763493,0.31341283435616396,1.08310549354941
polyester_030001..40000,Univariate Amazon,"LINEAR, lag=2",2,-489.1490498399162,573.449110242149,489.1490498399162,-1.424214328943853,1.424214328943853
polyester_030001..40000,Univariate Amazon,"NNET, lag=2",2,-480.4833974645999,563.5873733038173,480.4833974645999,-1.3990139871179998,1.3990139871179998
polyester_030001..40000,Multivariate Amzn Twttr,"VECM, lag=3",3,69.39623787831079,385.9413477746848,349.9882218418752,0.19785238429475807,1.0122738695009832
polyester_030001..40000,Univariate Amazon,"LINEAR, lag=3",3,-408.7809395860795,499.93767248220325,408.7809395860795,-1.1910351364990646,1.1910351364990646
polyester_030001..40000,Univariate Amazon,"NNET, lag=3",3,-803.1890909877993,886.4053837195676,803.1890909877993,-2.3343459970902973,2.3343459970902973
polyester_030001..40000,Multivariate Amzn Twttr,"VECM, lag=4",4,14.750719222219232,313.7754925180972,291.6023129242667,0.0403629896741782,0.8436772328126008
polyester_030001..40000,Univariate Amazon,"LINEAR, lag=4",4,-573.2732334254088,630.8280032791973,573.2732334254088,-1.6672660922548141,1.6672660922548141
polyester_030001..40000,Univariate Amazon,"NNET, lag=4",4,-283.73747601744617,988.868609539426,645.5240253137927,-0.8368486211937041,1.8785928713039874
polyester_030001..40000,Multivariate Amzn Twttr,"VECM, lag=5",5,46.3372633536419,429.6677872670037,341.98716577254163,0.12944606063685116,0.9890007198838451
polyester_030001..40000,Univariate Amazon,"LINEAR, lag=5",5,-507.4043427082679,578.8633647169294,507.4043427082679,-1.476736479041878,1.476736479041878
polyester_030001..40000,Univariate Amazon,"NNET, lag=5",5,821.909300707016,1745.8957611489218,1557.0269119932263,2.3869077910611125,4.512367880632841
polyester_150001..200000,Multivariate Amzn Twttr,"VECM, lag=1",1,-440.8361298422569,6424.286468561673,5742.882400300896,-0.3563355975289555,3.373806065761409
polyester_150001..200000,Univariate Amazon,"LINEAR, lag=1",1,-2220.2703251331404,5478.113058935688,4571.498929313166,-1.3853952323747072,2.7107638629437343
polyester_150001..200000,Univariate Amazon,"NNET, lag=1",1,-2330.480384006325,5874.602901193171,4736.008551820756,-1.452238282228576,2.8116655821395167
polyester_150001..200000,Multivariate Amzn Twttr,"VECM, lag=2",2,1797.056309436055,8817.44010575524,7530.339912315205,0.9335911123869297,4.3767187105016525
polyester_150001..200000,Univariate Amazon,"LINEAR, lag=2",2,-2397.6092245290056,5760.228654115761,4883.775635775244,-1.4933450787343925,2.8988760699295284
polyester_150001..200000,Univariate Amazon,"NNET, lag=2",2,1358.5707786458443,6619.592784951605,4924.240641533135,0.7173552644687835,2.8632096221220733
polyester_150001..200000,Multivariate Amzn Twttr,"VECM, lag=3",3,2886.479325615459,9806.69783767145,8553.956315835625,1.561672529732104,4.967704781832339
polyester_150001..200000,Univariate Amazon,"LINEAR, lag=3",3,-2655.343901934666,5741.960123554579,4874.245617087927,-1.6425254664303452,2.8972332826619067
polyester_150001..200000,Univariate Amazon,"NNET, lag=3",3,870.90394005075,4926.511544017801,4208.880230354222,0.4345448194650494,2.4527841612006718
polyester_150001..200000,Multivariate Amzn Twttr,"VECM, lag=4",4,4053.309059523315,9994.45202685529,7994.761550994568,2.2482686845050104,4.615675672404098
polyester_150001..200000,Univariate Amazon,"LINEAR, lag=4",4,-3008.011550118619,5773.425602494968,4815.144102180067,-1.8474895792621833,2.866070527167368
polyester_150001..200000,Univariate Amazon,"NNET, lag=4",4,1887.6031091840086,5296.353868043172,4176.557043220408,1.0436390295715186,2.4138446167704526
polyester_150001..200000,Multivariate Amzn Twttr,"VECM, lag=5",5,4145.13652750929,11703.57969506406,9400.917460309174,2.3023048583801993,5.444687044886516
polyester_150001..200000,Univariate Amazon,"LINEAR, lag=5",5,-3085.2488997946093,5810.971307266339,4845.919907214829,-1.8928313889232875,2.8854395347375337
polyester_150001..200000,Univariate Amazon,"NNET, lag=5",5,-2054.9056684242278,7334.777914159737,5927.223528219565,-1.2988184579318236,3.5093213036688407
polyester_300000+,Multivariate Amzn Twttr,"VECM, lag=1",1,-34175.07182644846,238015.29096155489,210252.3656337723,-4.434611510538877,15.791061240283948
polyester_300000+,Univariate Amazon,"LINEAR, lag=1",1,-71485.91572216261,228175.61940576296,201465.00046921938,-7.0094856409351385,15.372316417410664
polyester_300000+,Univariate Amazon,"NNET, lag=1",1,84972.01458712638,269974.04097960464,233054.61691924138,4.386309671344181,16.16568060858525
polyester_300000+,Multivariate Amzn Twttr,"VECM, lag=2",2,-50197.87437339249,223723.03557478302,196093.8538200641,-5.450768464057751,14.846482679270663
polyester_300000+,Univariate Amazon,"LINEAR, lag=2",2,-72681.516576936,229914.9294490488,202381.4489266387,-7.177967910067899,15.499861749369163
polyester_300000+,Univariate Amazon,"NNET, lag=2",2,148496.6684515464,272310.8330079443,239738.34090157232,8.213104670798879,16.560812624109992
polyester_300000+,Multivariate Amzn Twttr,"VECM, lag=3",3,-18906.409458933544,218684.84009629174,187349.78254351488,-3.254738304915043,14.05190517933949
polyester_300000+,Univariate Amazon,"LINEAR, lag=3",3,-71842.70036136784,226696.1687892196,199284.86948691128,-7.096296047910047,15.259078178556727
polyester_300000+,Univariate Amazon,"NNET, lag=3",3,416198.2971279672,471527.1621177182,416198.2971279672,27.278236949055767,27.278236949055767
polyester_300000+,Multivariate Amzn Twttr,"VECM, lag=4",4,-1912.7271212677006,222288.26503904953,196579.58638315654,-2.076373311493275,14.539785148424944
polyester_300000+,Univariate Amazon,"LINEAR, lag=4",4,-77941.15333876098,224823.55071463992,195337.2624817644,-7.55849328902283,15.048531587682431
polyester_300000+,Univariate Amazon,"NNET, lag=4",4,709596.4160649544,930677.2909273161,732607.306006689,45.94035676568911,48.202273879289244
polyester_300000+,Multivariate Amzn Twttr,"VECM, lag=5",5,-10560.741828425991,222741.83715274086,194689.9553437175,-2.6733432178242973,14.46118936099738
polyester_300000+,Univariate Amazon,"LINEAR, lag=5",5,-81389.63573496489,223778.00481912927,192589.78297302246,-7.825571807529483,14.896512691072067
polyester_300000+,Univariate Amazon,"NNET, lag=5",5,706388.1503129834,781258.488264367,706388.1503129834,47.315133108848556,47.315133108848556
purple_0..1000,Multivariate Amzn Twttr,"VECM, lag=1",1,-17.746358968797857,41.64526678229105,39.08700213125022,-6.038736285762871,12.772485118179091
purple_0..1000,Univariate Amazon,"LINEAR, lag=1",1,-5.591330713394502,37.644644527324445,34.431681618588414,-2.297361904919982,11.118015548726433
purple_0..1000,Univariate Amazon,"NNET, lag=1",1,-50.65674731846851,62.43677105274575,50.65674731846851,-17.60377498675222,17.60377498675222
purple_0..1000,Multivariate Amzn Twttr,"VECM, lag=2",2,-11.631421538297467,41.84576878729112,37.942778268440186,-4.094816487456989,12.422408094025243
purple_0..1000,Univariate Amazon,"LINEAR, lag=2",2,6.726631630503334,37.271381728494454,31.238451868029543,1.5545670068579245,9.832144473310017
purple_0..1000,Univariate Amazon,"NNET, lag=2",2,-33.579901090919634,50.94724956391454,43.13862956585817,-12.115464624201984,14.694123572401253
purple_0..1000,Multivariate Amzn Twttr,"VECM, lag=3",3,-10.195448609104556,40.994846688878965,36.25077243344799,-3.594523689667616,11.849627651030243
purple_0..1000,Univariate Amazon,"LINEAR, lag=3",3,15.883926010070212,38.038356716905426,28.883349146151232,4.350155874943719,9.035466246258299
purple_0..1000,Univariate Amazon,"NNET, lag=3",3,-32.33917871098999,45.662049800513095,37.92465280702742,-11.526512726142478,13.030585265388812
purple_0..1000,Multivariate Amzn Twttr,"VECM, lag=4",4,-5.762544542461317,40.75854801566613,34.56527961969178,-2.1811189741320596,11.286044903351577
purple_0..1000,Univariate Amazon,"LINEAR, lag=4",4,24.83143933472351,41.903219975338615,32.6204638774786,7.118304726978705,9.99756822162653
purple_0..1000,Univariate Amazon,"NNET, lag=4",4,-29.11080349887885,63.10327304733753,44.697755475703644,-9.323893461532531,13.586507572402745
purple_0..1000,Multivariate Amzn Twttr,"VECM, lag=5",5,-11.953721395714421,41.985135061885124,36.15613049723497,-4.308738075015353,12.029150931238247
purple_0..1000,Univariate Amazon,"LINEAR, lag=5",5,32.37215736892793,46.20052229955311,37.140779150151786,9.433815698702645,11.195436314507914
purple_0..1000,Univariate Amazon,"NNET, lag=5",5,17.355867590793842,48.285092625141814,41.30704339787177,3.805211861405885,12.853754536990923
purple_300000+,Multivariate Amzn Twttr,"VECM, lag=1",1,-181429.6328214691,3040717.2148496015,2345712.921297383,-71.55947491421972,102.2568277180025
purple_300000+,Univariate Amazon,"LINEAR, lag=1",1,-445695.4536197756,2737912.764022075,2226278.9036048176,-104.25543496650688,129.5633088830065
purple_300000+,Univariate Amazon,"NNET, lag=1",1,-1247995.797880821,4629515.46819437,3622647.6410567667,-148.46625114255187,182.9514081308257
purple_300000+,Multivariate Amzn Twttr,"VECM, lag=2",2,-342367.2213822238,2803448.091950658,2277864.86414708,-100.58932570659894,129.0112875824393
purple_300000+,Univariate Amazon,"LINEAR, lag=2",2,-369155.3520965502,2859279.963712569,2348464.1320540262,-84.71295940256434,112.4025790264579
purple_300000+,Univariate Amazon,"NNET, lag=2",2,-378047.220894365,3218591.451089874,2692761.6828811,-92.54057847583657,126.55087888368871
purple_300000+,Multivariate Amzn Twttr,"VECM, lag=3",3,-327690.61267177557,2775553.510478185,2245154.8769067554,-99.10756339489514,127.36293301526918
purple_300000+,Univariate Amazon,"LINEAR, lag=3",3,-369663.48295759375,2892062.436778641,2337783.276248158,-94.78845305570181,122.57164303359693
purple_300000+,Univariate Amazon,"NNET, lag=3",3,-833414.5842388286,4137208.287788224,3223639.956326879,-137.3046945091237,173.92717490549015
purple_300000+,Multivariate Amzn Twttr,"VECM, lag=4",4,-222296.05109907832,2714532.9017483424,2097206.7559501366,-93.19241901927309,120.38056422334103
purple_300000+,Univariate Amazon,"LINEAR, lag=4",4,-453189.9748634685,2687208.3140440187,2270448.792920718,-97.03660124109999,122.45086686240802
purple_300000+,Univariate Amazon,"NNET, lag=4",4,-439728.1075448447,3173142.637792891,2668827.720051092,-95.04104211443253,127.44681536642165
purple_300000+,Multivariate Amzn Twttr,"VECM, lag=5",5,-384761.53222418495,2761540.4548660633,2183579.9879010925,-105.370952106494,131.58079438696402
purple_300000+,Univariate Amazon,"LINEAR, lag=5",5,-406553.7039355999,2704532.8667238634,2271441.771150059,-89.5807863812249,115.56562626363662
purple_300000+,Univariate Amazon,"NNET, lag=5",5,-1128660.8355327644,3960903.953059274,3471780.257641863,-136.0071185002846,171.10056836023145
red_0..1000,Multivariate Amzn Twttr,"VECM, lag=1",1,5.858595048583737,57.73932765752903,55.09743391814642,-0.17079743104359846,15.685865565210946
red_0..1000,Univariate Amazon,"LINEAR, lag=1",1,-6.363519079358284,58.31578622596126,52.02202226088633,-3.6838975501274653,15.23587179007715
red_0..1000,Univariate Amazon,"NNET, lag=1",1,-12.206692079937277,68.73199757966667,52.091348391048605,-4.596687619959436,15.759671053947118
red_0..1000,Multivariate Amzn Twttr,"VECM, lag=2",2,26.234626778202802,71.99547035466668,68.28522230305057,4.928006275149148,18.929408719313308
red_0..1000,Univariate Amazon,"LINEAR, lag=2",2,-11.829617095392457,56.56539251976625,49.19394535868677,-5.251424623030519,14.622280997135823
red_0..1000,Univariate Amazon,"NNET, lag=2",2,-26.276699979525084,66.2771677395969,51.48786945846076,-9.400975397751258,15.998009455545532
red_0..1000,Multivariate Amzn Twttr,"VECM, lag=3",3,22.913495040821616,73.96052073629427,66.95337084616646,4.354441177578037,18.834215244579124
red_0..1000,Univariate Amazon,"LINEAR, lag=3",3,-17.283446792679506,56.885130208805656,46.69868640408058,-6.900923037806609,14.061317869453013
red_0..1000,Univariate Amazon,"NNET, lag=3",3,-88.07207823405506,109.74541866687265,88.07207823405506,-26.078255676019513,26.078255676019513
red_0..1000,Multivariate Amzn Twttr,"VECM, lag=4",4,28.002978184335632,82.18492204083783,71.18595965636217,5.494626128930696,19.71533715139102
red_0..1000,Univariate Amazon,"LINEAR, lag=4",4,-21.540817718166252,57.66384412044631,46.56100795448309,-8.16916898325735,14.164057277880175
red_0..1000,Univariate Amazon,"NNET, lag=4",4,-108.03803079352136,151.18655030283713,122.50115126941586,-31.261478140529512,35.170429620501
red_0..1000,Multivariate Amzn Twttr,"VECM, lag=5",5,30.82192323993555,80.5087008895399,64.11192630952115,6.705858153879053,17.774378225059372
red_0..1000,Univariate Amazon,"LINEAR, lag=5",5,-25.12810329501614,58.948131299751665,47.21080768694306,-9.245637612782222,14.471418275614866
red_0..1000,Univariate Amazon,"NNET, lag=5",5,-118.75678321499291,143.39913405309898,118.75678321499291,-34.34136352997649,34.34136352997649
red_300000+,Multivariate Amzn Twttr,"VECM, lag=1",1,99023.15059366578,170934.17991691167,157520.94478046228,8.967048419518338,17.09114667833277
red_300000+,Univariate Amazon,"LINEAR, lag=1",1,-199710.81840595385,229262.36821030805,199710.81840595385,-23.512899995881718,23.512899995881718
red_300000+,Univariate Amazon,"NNET, lag=1",1,-120660.39912570098,170400.30707808246,143278.068827248,-14.884490301906457,16.946915615774554
red_300000+,Multivariate Amzn Twttr,"VECM, lag=2",2,122171.9004242443,187093.3535097629,174541.36071287387,11.472274551178147,18.799420990491004
red_300000+,Univariate Amazon,"LINEAR, lag=2",2,-208221.2429558611,236039.1279012397,208221.2429558611,-24.427515822408882,24.427515822408882
red_300000+,Univariate Amazon,"NNET, lag=2",2,-123073.68753121357,171355.58887021753,138682.4741617887,-15.23294490665473,16.66647817329081
red_300000+,Multivariate Amzn Twttr,"VECM, lag=3",3,82837.47088926355,179947.3314559149,172076.57667578247,7.028754124525548,18.984272133082577
red_300000+,Univariate Amazon,"LINEAR, lag=3",3,-216469.97331267447,243750.3706737116,216469.97331267447,-25.349359425857422,25.349359425857422
red_300000+,Univariate Amazon,"NNET, lag=3",3,-104617.52745978798,146129.14743219444,118007.55327514403,-12.94648088786776,14.17464836342954
red_300000+,Multivariate Amzn Twttr,"VECM, lag=4",4,80895.11240134099,182973.9179407263,172544.9594650165,6.770756558738159,19.176553342982405
red_300000+,Univariate Amazon,"LINEAR, lag=4",4,-223371.7399377836,250657.64414809534,223371.7399377836,-26.131790713799433,26.131790713799433
red_300000+,Univariate Amazon,"NNET, lag=4",4,-79353.06181066498,140647.9666878164,116551.29537149135,-10.392872658637717,13.821638584294494
red_300000+,Multivariate Amzn Twttr,"VECM, lag=5",5,21857.98898891569,156850.93003629745,133458.41207596398,0.43571671198271034,15.41179506686218
red_300000+,Univariate Amazon,"LINEAR, lag=5",5,-224441.87666231062,251663.14299051292,224441.87666231062,-26.251095870709737,26.251095870709737
red_300000+,Univariate Amazon,"NNET, lag=5",5,-130016.11219010096,174198.08717913745,144673.51960875798,-15.922436230875228,17.267604883725486
retro_005001..10000,Multivariate Amzn Twttr,"VECM, lag=1",1,109.70766730699722,625.2301840279401,578.0017648558977,0.9448908231765686,9.089112942039971
retro_005001..10000,Univariate Amazon,"LINEAR, lag=1",1,-112.27412508817838,644.2007859423992,532.041166475442,-2.6166637255652123,8.584407710205417
retro_005001..10000,Univariate Amazon,"NNET, lag=1",1,95.63964621166315,673.6171191939197,566.4441558363455,0.6090430191209704,8.819585932467739
retro_005001..10000,Multivariate Amzn Twttr,"VECM, lag=2",2,73.97846319884513,655.0840569285772,606.7843942391615,0.35089095091017475,9.628101135480703
retro_005001..10000,Univariate Amazon,"LINEAR, lag=2",2,-249.97568916131956,683.6623845866054,537.8353757554033,-4.801425692205379,8.814042678624217
retro_005001..10000,Univariate Amazon,"NNET, lag=2",2,-230.9350247427259,942.3137497338901,816.1153363098646,-4.813228851371502,13.165725505602548
retro_005001..10000,Multivariate Amzn Twttr,"VECM, lag=3",3,-0.002504860890553573,714.4306705864826,612.4235093078504,-0.9072899185203278,9.76067629598391
retro_005001..10000,Univariate Amazon,"LINEAR, lag=3",3,-347.5688217034142,714.4204012821305,605.4688475211608,-6.3516247600540545,9.933217267513593
retro_005001..10000,Univariate Amazon,"NNET, lag=3",3,-415.81248077865996,880.6375241781905,734.0577585474692,-7.641608828451687,12.033979487030347
retro_005001..10000,Multivariate Amzn Twttr,"VECM, lag=4",4,-29.351141438178956,659.3296392966791,613.9445081484894,-1.3319563613540168,9.743829131085938
retro_005001..10000,Univariate Amazon,"LINEAR, lag=4",4,-410.4687449128277,743.1150375335004,643.422048072595,-7.34541595183294,10.575124757954494
retro_005001..10000,Univariate Amazon,"NNET, lag=4",4,-262.06869409862713,662.0138564499002,571.6028122551267,-4.973110052634958,9.24808585647049
retro_005001..10000,Multivariate Amzn Twttr,"VECM, lag=5",5,-29.667345683577878,698.2507688796042,643.0108688947037,-1.384792299849897,10.221151169187483
retro_005001..10000,Univariate Amazon,"LINEAR, lag=5",5,-451.6582216984723,764.2178117814249,669.0628229999259,-7.995964342514002,11.004143386631496
retro_005001..10000,Univariate Amazon,"NNET, lag=5",5,-170.1909322772177,629.7917316197745,542.3520235395246,-3.4973137947221353,8.66793439344959
rose_0..1000,Multivariate Amzn Twttr,"VECM, lag=1",1,-12.261660556552954,64.28324547385087,45.08130479796968,-6.397855835971893,14.519848339232093
rose_0..1000,Univariate Amazon,"LINEAR, lag=1",1,11.424793548351232,65.56952138995543,49.8673349469196,-0.006732540174002377,15.407033444963165
rose_0..1000,Univariate Amazon,"NNET, lag=1",1,-2.518890339995707,55.59759492228794,38.78061473559448,-3.1787423414705334,12.606746928254228
rose_0..1000,Multivariate Amzn Twttr,"VECM, lag=2",2,-15.901617964011216,67.77292087388794,51.92360210015038,-7.126775539095401,16.160293078020203
rose_0..1000,Univariate Amazon,"LINEAR, lag=2",2,32.2121838178725,83.32690692521346,69.7071553461946,5.485538087386021,20.852329697354094
rose_0..1000,Univariate Amazon,"NNET, lag=2",2,11.47469293873985,82.29271846980612,54.828063806238745,0.7488262688443856,17.424210315622823
rose_0..1000,Multivariate Amzn Twttr,"VECM, lag=3",3,-11.830008145421438,67.27647197795326,50.05425410918979,-6.002847883479953,15.615457059058397
rose_0..1000,Univariate Amazon,"LINEAR, lag=3",3,47.69374528041273,82.83916015383586,76.99395260827922,9.980113095716005,21.988394787464564
rose_0..1000,Univariate Amazon,"NNET, lag=3",3,43.75025614258658,99.90790169517595,72.97546582205717,9.769151837683053,21.746696788285757
rose_0..1000,Multivariate Amzn Twttr,"VECM, lag=4",4,-4.339531158526299,65.68415119689921,51.81856752893816,-4.034671466733595,16.173082458785853
rose_0..1000,Univariate Amazon,"LINEAR, lag=4",4,63.30985420579981,94.95701757494905,90.69793233770343,14.249404556023634,25.474026741230038
rose_0..1000,Univariate Amazon,"NNET, lag=4",4,90.15656188560153,108.75095679500825,98.40682877741646,23.148467601285915,26.52972452416089
rose_0..1000,Multivariate Amzn Twttr,"VECM, lag=5",5,7.994577438016194,81.9601797844214,61.973700249315186,-1.433998807083488,19.723216013065436
rose_0..1000,Univariate Amazon,"LINEAR, lag=5",5,75.11654626012597,100.60808128986244,97.40092437918432,17.631511500904438,26.764453352977526
rose_0..1000,Univariate Amazon,"NNET, lag=5",5,71.11321353829615,95.77309618328124,91.77374684136888,16.978276394487118,25.445708076074297
rose_300000+,Multivariate Amzn Twttr,"VECM, lag=1",1,-226066.0136337621,391502.6662198455,307044.0316894265,-30.48132878419768,37.771702931403865
rose_300000+,Univariate Amazon,"LINEAR, lag=1",1,-38013.31857507666,263056.9215439741,205327.51798381784,-9.586017456570518,24.552706006341467
rose_300000+,Univariate Amazon,"NNET, lag=1",1,-139274.32344917397,305922.6568781332,239251.7236053838,-20.439453691493963,29.13146576494941
rose_300000+,Multivariate Amzn Twttr,"VECM, lag=2",2,-248453.95464830782,486486.4312640639,370543.1088573965,-33.68613267708841,44.146930414078035
rose_300000+,Univariate Amazon,"LINEAR, lag=2",2,-76881.65774733492,263282.8758600735,194464.61547909543,-13.72528252092505,24.072689466834078
rose_300000+,Univariate Amazon,"NNET, lag=2",2,-98775.55946003375,295693.7965248652,234669.82444202495,-16.00204933242221,28.924928423086236
rose_300000+,Multivariate Amzn Twttr,"VECM, lag=3",3,-262323.8693839951,698923.507644623,592262.7878432788,-33.88417916917607,61.45183375119687
rose_300000+,Univariate Amazon,"LINEAR, lag=3",3,-116798.24782912324,274207.7225621223,199596.183440016,-18.246685878877837,25.349669668009184
rose_300000+,Univariate Amazon,"NNET, lag=3",3,-215483.99317642872,322380.87184784084,254070.7873526804,-28.870912106011573,31.918909547996996
rose_300000+,Multivariate Amzn Twttr,"VECM, lag=4",4,-252269.91905869398,959407.9790048059,765472.50251832,-37.151193391330324,79.17904277270276
rose_300000+,Univariate Amazon,"LINEAR, lag=4",4,-156398.62896158727,290950.88053001295,218246.93614883086,-22.76124746487134,27.906487992615286
rose_300000+,Univariate Amazon,"NNET, lag=4",4,-390684.79741990665,449969.5520679453,390684.79741990665,-50.33245438971012,50.33245438971012
rose_300000+,Multivariate Amzn Twttr,"VECM, lag=5",5,-366734.7952532605,1040958.1776167786,798874.5626393605,-48.34701411552082,83.62914797349416
rose_300000+,Univariate Amazon,"LINEAR, lag=5",5,-193236.09996629303,309765.06036324543,235531.59263618005,-26.926482596403375,30.267432686127872
rose_300000+,Univariate Amazon,"NNET, lag=5",5,-451202.03658748197,497150.3539082821,451202.03658748197,-56.69619436322613,56.69619436322613
satin_0..1000,Multivariate Amzn Twttr,"VECM, lag=1",1,9.616198250939348,75.33026902619251,58.40088613753694,0.6208637000685626,9.246229625814454
satin_0..1000,Univariate Amazon,"LINEAR, lag=1",1,42.574511066033295,84.68728448837044,56.842164662106285,6.0134320014894875,8.599486945085319
satin_0..1000,Univariate Amazon,"NNET, lag=1",1,41.52328213861334,71.89454035219653,51.330511747450814,5.976616285797123,7.761352348119462
satin_0..1000,Multivariate Amzn Twttr,"VECM, lag=2",2,13.163254813696568,80.51969397838951,65.00731429766415,1.0899874499267477,10.24592831535904
satin_0..1000,Univariate Amazon,"LINEAR, lag=2",2,62.5661370744789,94.81245159054602,70.02916496378775,9.327554787352138,10.691910891430538
satin_0..1000,Univariate Amazon,"NNET, lag=2",2,75.61873302732067,110.6737156222041,89.62508494554308,11.58063488318092,14.108324929376465
satin_0..1000,Multivariate Amzn Twttr,"VECM, lag=3",3,21.113092504020003,79.73497298375422,61.859791800173454,2.4198784270055604,9.651248830389768
satin_0..1000,Univariate Amazon,"LINEAR, lag=3",3,80.37130939385989,105.82072346745223,82.91676842423115,12.270482051213124,12.735831051280996
satin_0..1000,Univariate Amazon,"NNET, lag=3",3,111.34744353652762,144.01820261129237,122.83109783917665,17.313105077160024,19.4124934323061
satin_0..1000,Multivariate Amzn Twttr,"VECM, lag=4",4,31.290108933779948,86.60258773432433,73.16994939492469,4.124352968063427,11.548743158967405
satin_0..1000,Univariate Amazon,"LINEAR, lag=4",4,94.66564189130588,115.86972443284816,94.66564189130588,14.635983170259836,14.635983170259836
satin_0..1000,Univariate Amazon,"NNET, lag=4",4,94.31230054919729,112.31198807484664,94.31230054919729,14.623134519815647,14.623134519815647
satin_0..1000,Multivariate Amzn Twttr,"VECM, lag=5",5,25.509825888461947,94.63252799410726,84.4079017672983,3.176948489728857,13.46523713128823
satin_0..1000,Univariate Amazon,"LINEAR, lag=5",5,106.02141902068351,124.53928105664507,106.02141902068351,16.51471653476899,16.51471653476899
satin_0..1000,Univariate Amazon,"NNET, lag=5",5,74.48787394975795,101.59742529493658,84.43444617959074,11.271648864048272,13.090035012098141
satin_300000+,Multivariate Amzn Twttr,"VECM, lag=1",1,-537087.0783958609,871448.0423150752,640793.7217616645,-45.87686383813085,51.969835535288055
satin_300000+,Univariate Amazon,"LINEAR, lag=1",1,-820363.5824546737,1044529.187344994,841326.6635770893,-68.59694531844117,69.82856805560331
satin_300000+,Univariate Amazon,"NNET, lag=1",1,-1115394.3718160724,1168612.9606157916,1115394.3718160724,-105.74890771765085,105.74890771765085
satin_300000+,Multivariate Amzn Twttr,"VECM, lag=2",2,-538110.5752225729,856017.7165343781,632971.3290396166,-46.093452444494034,51.666710525362845
satin_300000+,Univariate Amazon,"LINEAR, lag=2",2,-1144472.3070233632,1316824.3940249265,1144472.3070233632,-96.46206405572065,96.46206405572065
satin_300000+,Univariate Amazon,"NNET, lag=2",2,-1279285.9813950132,1388370.254855311,1279285.9813950132,-106.98675126579917,106.98675126579917
satin_300000+,Multivariate Amzn Twttr,"VECM, lag=3",3,-769453.0576888463,1106653.1372890007,910217.110240837,-62.59219220324215,72.34796768034933
satin_300000+,Univariate Amazon,"LINEAR, lag=3",3,-1430305.8683899462,1572722.1676610727,1430305.8683899462,-120.99739172603526,120.99739172603526
satin_300000+,Univariate Amazon,"NNET, lag=3",3,-1399939.6186688517,1832681.6987061833,1399939.6186688517,-108.74296554048411,108.74296554048411
satin_300000+,Multivariate Amzn Twttr,"VECM, lag=4",4,-935268.7006329906,1227566.0633901502,997262.6899479129,-75.64021907284906,79.2824893270056
satin_300000+,Univariate Amazon,"LINEAR, lag=4",4,-1694676.0048409267,1816568.5116424293,1694676.0048409267,-143.8189814984426,143.8189814984426
satin_300000+,Univariate Amazon,"NNET, lag=4",4,-2377470.4022634244,2520980.339651327,2377470.4022634244,-202.5855350910717,202.5855350910717
satin_300000+,Multivariate Amzn Twttr,"VECM, lag=5",5,-789319.0071512607,1228760.3259477462,875261.4171277201,-55.36193430660137,64.29407344066686
satin_300000+,Univariate Amazon,"LINEAR, lag=5",5,-1935687.8243347947,2042596.902916081,1935687.8243347947,-164.70236677492755,164.70236677492755
satin_300000+,Univariate Amazon,"NNET, lag=5",5,-3817307.3870315873,3981218.292970508,3817307.3870315873,-328.4041939668863,328.4041939668863
slip-on_0..1000,Multivariate Amzn Twttr,"VECM, lag=1",1,24.999784469263673,102.6286444382421,81.42255297058976,2.304842821207072,19.43544779128616
slip-on_0..1000,Univariate Amazon,"LINEAR, lag=1",1,62.37844086174592,96.5717772256425,74.39563138534825,12.653303601438225,16.409165027815934
slip-on_0..1000,Univariate Amazon,"NNET, lag=1",1,95.37289571390002,129.21741666870224,103.97898365760855,20.26758015829363,22.959042284322614
slip-on_0..1000,Multivariate Amzn Twttr,"VECM, lag=2",2,27.635751797388856,82.72925280046891,68.62645845224287,3.886097412215876,16.05455953277104
slip-on_0..1000,Univariate Amazon,"LINEAR, lag=2",2,80.82079183385599,110.10634294389614,94.49785122497198,17.002961286618536,21.28348742128636
slip-on_0..1000,Univariate Amazon,"NNET, lag=2",2,93.13514301595528,115.21492151222279,94.09113200917447,20.340635149654865,20.639690901375822
slip-on_0..1000,Multivariate Amzn Twttr,"VECM, lag=3",3,34.74223343940464,86.2547413046921,69.20973349630103,5.547953884152886,16.058077014719785
slip-on_0..1000,Univariate Amazon,"LINEAR, lag=3",3,86.52777930205396,116.36886143134905,94.65416719173658,18.364265757527612,20.910686538429264
slip-on_0..1000,Univariate Amazon,"NNET, lag=3",3,96.38523313476473,110.69825895783221,96.61766659696039,21.900584380145546,21.972993558399647
slip-on_0..1000,Multivariate Amzn Twttr,"VECM, lag=4",4,20.92251144580196,78.7017211780485,65.97254285075712,2.250025811327628,15.659282590771909
slip-on_0..1000,Univariate Amazon,"LINEAR, lag=4",4,98.80474735699758,122.79151765679896,100.44361096020924,21.609224396220412,22.122974742054787
slip-on_0..1000,Univariate Amazon,"NNET, lag=4",4,50.54326210138226,124.38371831903738,110.78548944888715,8.524281753229014,26.435649089851182
slip-on_0..1000,Multivariate Amzn Twttr,"VECM, lag=5",5,20.516571880734055,76.30066495286982,64.10105165548796,2.245454027755489,15.26119030105774
slip-on_0..1000,Univariate Amazon,"LINEAR, lag=5",5,107.47407094164544,128.8701853227361,107.67593103792066,23.79382501942796,23.85710404647348
slip-on_0..1000,Univariate Amazon,"NNET, lag=5",5,120.89817904008683,143.73015157518623,120.89817904008683,27.22690194560964,27.22690194560964
slip-on_300000+,Multivariate Amzn Twttr,"VECM, lag=1",1,-331819.71199651307,622727.9773495969,508398.3711239331,-8.43035571046838,11.873043652878538
slip-on_300000+,Univariate Amazon,"LINEAR, lag=1",1,-298184.3372457352,541853.9267318061,459352.46001279994,-7.468581767716877,10.677454523868526
slip-on_300000+,Univariate Amazon,"NNET, lag=1",1,-505578.4162032533,705841.4673037798,546715.9219408386,-12.323166196967863,13.139614283298913
slip-on_300000+,Multivariate Amzn Twttr,"VECM, lag=2",2,-400358.11711263645,602453.4686665101,482284.0688375308,-9.669533301165162,11.276438919621322
slip-on_300000+,Univariate Amazon,"LINEAR, lag=2",2,-219732.21211258427,491206.11122826586,387827.9583856723,-5.933582847039634,9.176336377665406
slip-on_300000+,Univariate Amazon,"NNET, lag=2",2,-588511.1823720691,789786.3676916803,604661.1407947348,-14.611523786144389,14.917090496025661
slip-on_300000+,Multivariate Amzn Twttr,"VECM, lag=3",3,-426550.8519332473,637568.6902842626,511843.0273221106,-10.263261674292979,11.957519177873053
slip-on_300000+,Univariate Amazon,"LINEAR, lag=3",3,-151576.18522958911,483294.4014607716,396071.42549160414,-4.470426231668283,9.2706537994774
slip-on_300000+,Univariate Amazon,"NNET, lag=3",3,-659715.613367277,831964.4616517471,660677.8040454341,-16.09313101643133,16.111336229850966
slip-on_300000+,Multivariate Amzn Twttr,"VECM, lag=4",4,-432727.2055397136,636177.4881551544,505985.1591499902,-10.40745164803948,11.837814462173995
slip-on_300000+,Univariate Amazon,"LINEAR, lag=4",4,-96874.15751116816,466095.59503132844,389004.36835272075,-3.2513132169708507,9.034634135071315
slip-on_300000+,Univariate Amazon,"NNET, lag=4",4,-668197.2806578438,829746.1246521065,668197.2806578438,-16.2368945717514,16.2368945717514
slip-on_300000+,Multivariate Amzn Twttr,"VECM, lag=5",5,-458093.9591459412,605933.0546212096,471871.5364945171,-10.856656212192995,11.117336077141166
slip-on_300000+,Univariate Amazon,"LINEAR, lag=5",5,-40922.872396176565,454731.5594752902,376681.5773284364,-2.0517780522581255,8.730388145670798
slip-on_300000+,Univariate Amazon,"NNET, lag=5",5,-454563.25287770585,716101.4083258569,550086.3425227009,-11.758913299791868,13.560347806044227
solid_0..1000,Multivariate Amzn Twttr,"VECM, lag=1",1,21.95344710735126,50.46367982238217,32.509997383205366,4.041508358107764,6.413016545175525
solid_0..1000,Univariate Amazon,"LINEAR, lag=1",1,51.50641838046711,67.30237181213687,51.50641838046711,10.416874560210818,10.416874560210818
solid_0..1000,Univariate Amazon,"NNET, lag=1",1,32.84201297702524,52.99725385536311,34.942669978043774,6.38287104447431,6.883027473288246
solid_0..1000,Multivariate Amzn Twttr,"VECM, lag=2",2,33.17971600907753,50.23329729776649,34.93863995152895,6.635727864183567,7.018102634281702
solid_0..1000,Univariate Amazon,"LINEAR, lag=2",2,76.08033208021865,86.8316038840488,76.08033208021865,15.717930575536958,15.717930575536958
solid_0..1000,Univariate Amazon,"NNET, lag=2",2,51.4615277876452,65.58813854265223,51.4615277876452,10.392682186936684,10.392682186936684
solid_0..1000,Multivariate Amzn Twttr,"VECM, lag=3",3,43.45630519308383,60.604062459991006,45.57192887950121,8.833717548498097,9.293635741197527
solid_0..1000,Univariate Amazon,"LINEAR, lag=3",3,96.80646038728624,104.98666193029642,96.80646038728624,20.187630202099612,20.187630202099612
solid_0..1000,Univariate Amazon,"NNET, lag=3",3,50.55536188824999,64.42725564996562,50.55536188824999,10.207375523986189,10.207375523986189
solid_0..1000,Multivariate Amzn Twttr,"VECM, lag=4",4,35.34796762890676,57.11516839720719,45.68748195243644,7.153518802664996,9.401239307780145
solid_0..1000,Univariate Amazon,"LINEAR, lag=4",4,112.27406854138944,119.13856587256286,112.27406854138944,23.521451985649126,23.521451985649126
solid_0..1000,Univariate Amazon,"NNET, lag=4",4,62.19768354854752,73.41601023824819,62.19768354854752,12.741829151714208,12.741829151714208
solid_0..1000,Multivariate Amzn Twttr,"VECM, lag=5",5,35.452550892186196,58.2192197997946,46.747198781996815,7.175526566604454,9.630884803519805
solid_0..1000,Univariate Amazon,"LINEAR, lag=5",5,124.00938417296427,130.10778441072858,124.00938417296427,26.049430232387714,26.049430232387714
solid_0..1000,Univariate Amazon,"NNET, lag=5",5,93.1943054382674,100.09731993594997,93.1943054382674,19.466520608804316,19.466520608804316
solid_001001..5000,Multivariate Amzn Twttr,"VECM, lag=1",1,68.92580138231227,238.79028103520218,185.40349751034245,2.1467967394516507,6.806179028015251
solid_001001..5000,Univariate Amazon,"LINEAR, lag=1",1,104.424952565441,196.1621263141575,165.14641085524352,3.5953840646503723,6.016873264965097
solid_001001..5000,Univariate Amazon,"NNET, lag=1",1,64.554946478261,154.73807255447733,129.9135872762402,2.1384409230968533,4.741988568992504
solid_001001..5000,Multivariate Amzn Twttr,"VECM, lag=2",2,52.22485954173925,216.1042638593609,173.05091315320152,1.56359468705308,6.3816387423535
solid_001001..5000,Univariate Amazon,"LINEAR, lag=2",2,92.06681343056971,195.03793495710454,156.6915717041012,3.1157550731041646,5.70082161879359
solid_001001..5000,Univariate Amazon,"NNET, lag=2",2,-1.6364899446138566,219.41030742680542,175.64293013304922,-0.39637412396860316,6.533573448561816
solid_001001..5000,Multivariate Amzn Twttr,"VECM, lag=3",3,171.18761077488972,306.01210535396325,206.09177327431263,5.997302447538897,7.39580859259557
solid_001001..5000,Univariate Amazon,"LINEAR, lag=3",3,112.80626468745311,196.17046846330157,158.26772506744658,3.9149971854848302,5.749600106388522
solid_001001..5000,Univariate Amazon,"NNET, lag=3",3,98.75066692885412,248.55247307348637,224.565951372438,3.372269479704162,8.27473307295537
solid_001001..5000,Multivariate Amzn Twttr,"VECM, lag=4",4,97.53531087282556,316.8267921051007,281.0965638709407,3.2687554265322505,10.327296705257158
solid_001001..5000,Univariate Amazon,"LINEAR, lag=4",4,142.8692486163015,212.3047334503851,175.10035076298055,5.0334856238315595,6.326506577777236
solid_001001..5000,Univariate Amazon,"NNET, lag=4",4,277.3665636431874,350.711306717473,320.23812350847777,10.200643982902072,11.802720211051936
solid_001001..5000,Multivariate Amzn Twttr,"VECM, lag=5",5,102.3162312466024,317.42232300805176,292.5981639918137,3.468888955802153,10.788444312897457
solid_001001..5000,Univariate Amazon,"LINEAR, lag=5",5,143.26036950004078,212.57364468904785,172.0514171365524,5.046744832704762,6.207836855143512
solid_001001..5000,Univariate Amazon,"NNET, lag=5",5,276.5040716123737,326.0914847776885,276.5040716123737,9.998519051460075,9.998519051460075
solid_005001..10000,Multivariate Amzn Twttr,"VECM, lag=1",1,121.42526718712384,316.0637163573705,268.0002974288054,1.605014371170541,3.6227199219646224
solid_005001..10000,Univariate Amazon,"LINEAR, lag=1",1,-323.1096607199016,447.06405023091054,367.7229327203405,-4.602680643567858,5.180309858499347
solid_005001..10000,Univariate Amazon,"NNET, lag=1",1,2.609492031670129,266.11255902132785,222.7156814910303,-0.08306555372925506,3.0372007251907895
solid_005001..10000,Multivariate Amzn Twttr,"VECM, lag=2",2,120.87677001279098,286.8531873760529,224.65811366322941,1.5895719963637887,3.013381585565287
solid_005001..10000,Univariate Amazon,"LINEAR, lag=2",2,-438.40269277325183,573.0598585985592,471.106833107601,-6.221156465596525,6.640494077269164
solid_005001..10000,Univariate Amazon,"NNET, lag=2",2,-455.2801242271079,599.7841602187335,473.92589775976137,-6.45879638356452,6.6978754133459475
solid_005001..10000,Multivariate Amzn Twttr,"VECM, lag=3",3,167.58321171346165,296.0412966384244,249.02150421293936,2.2024025720735407,3.337902352667506
solid_005001..10000,Univariate Amazon,"LINEAR, lag=3",3,-398.319581996667,522.7475060282965,436.807543853834,-5.655266916740488,6.1492942858162225
solid_005001..10000,Univariate Amazon,"NNET, lag=3",3,-394.82484374195576,534.4755368557293,440.1737445635273,-5.619051153285221,6.2021571944895975
solid_005001..10000,Multivariate Amzn Twttr,"VECM, lag=4",4,157.9803573686346,303.8780975690042,254.7340596723401,2.055809529093435,3.415606642008888
solid_005001..10000,Univariate Amazon,"LINEAR, lag=4",4,-372.2902785740812,488.50211979618473,411.75895770730995,-5.286022097606225,5.793328697414161
solid_005001..10000,Univariate Amazon,"NNET, lag=4",4,-89.9501437000473,339.38978002563016,273.4483109740946,-1.4165611795168869,3.7876920416767716
solid_005001..10000,Multivariate Amzn Twttr,"VECM, lag=5",5,210.96046081159182,384.26857102187404,310.72035985163654,2.752658970860407,4.173686379072407
solid_005001..10000,Univariate Amazon,"LINEAR, lag=5",5,-374.9610064098358,490.33014305039734,412.5103338020881,-5.3224912681038985,5.804956776050235
solid_005001..10000,Univariate Amazon,"NNET, lag=5",5,-44.005581687075846,419.77740322941196,324.9123769672178,-0.8293576873340989,4.486588362133267
solid_010001..20000,Multivariate Amzn Twttr,"VECM, lag=1",1,-38.29362792022425,551.6959696665522,431.82095572648836,-0.3524588917577796,2.936237269420369
solid_010001..20000,Univariate Amazon,"LINEAR, lag=1",1,-303.7729064076161,551.0425992837263,491.71591006893095,-2.2124224250268996,3.408445103283962
solid_010001..20000,Univariate Amazon,"NNET, lag=1",1,-194.80174243520378,608.7342524657065,485.12767902417636,-1.505847010251774,3.3715375959655485
solid_010001..20000,Multivariate Amzn Twttr,"VECM, lag=2",2,113.84294516147293,555.6630678807428,476.1950640202472,0.7166498079424617,3.2345065741589183
solid_010001..20000,Univariate Amazon,"LINEAR, lag=2",2,-398.8555394454006,644.5671283605205,593.0057830741084,-2.891882528661899,4.127406543099394
solid_010001..20000,Univariate Amazon,"NNET, lag=2",2,59.218073998157024,598.3014921924912,464.35045971396244,0.253009400208289,3.157602475039658
solid_010001..20000,Multivariate Amzn Twttr,"VECM, lag=3",3,60.96102031045962,559.6563161530742,428.00004304742674,0.32828024238018244,2.8828202339103908
solid_010001..20000,Univariate Amazon,"LINEAR, lag=3",3,-485.393564275176,739.8106156562156,662.7067561057613,-3.5138220728771623,4.642199264111637
solid_010001..20000,Univariate Amazon,"NNET, lag=3",3,9.65562577908804,1082.5028313564558,828.5448640596824,-0.21794239716173447,5.650491246839588
solid_010001..20000,Multivariate Amzn Twttr,"VECM, lag=4",4,11.2990982190272,569.0033758464342,445.40390883260807,-0.020457554089021057,3.009728501404908
solid_010001..20000,Univariate Amazon,"LINEAR, lag=4",4,-502.8451270904591,771.7151797971326,685.8539385347669,-3.642303000295411,4.806925702626503
solid_010001..20000,Univariate Amazon,"NNET, lag=4",4,-905.1206545251073,1125.0543344560162,1046.0526119490557,-6.364353599505142,7.2612096350400055
solid_010001..20000,Multivariate Amzn Twttr,"VECM, lag=5",5,-91.33679209739648,724.6848036299014,594.8221397250932,-0.7447824586039473,4.03602844507769
solid_010001..20000,Univariate Amazon,"LINEAR, lag=5",5,-512.5091546208173,788.948856272289,693.0036770287047,-3.713570148028642,4.862192538304113
solid_010001..20000,Univariate Amazon,"NNET, lag=5",5,43.679866936305416,720.0216612266329,645.2833590634125,0.10987123420039602,4.415214460915298
solid_020001..30000,Multivariate Amzn Twttr,"VECM, lag=1",1,120.9769284983222,639.0918345639759,559.4547282035492,0.44426186208608975,2.2739402062609355
solid_020001..30000,Univariate Amazon,"LINEAR, lag=1",1,417.85019918985836,727.5713196725305,604.1727209556584,1.6562942905291247,2.435888412928645
solid_020001..30000,Univariate Amazon,"NNET, lag=1",1,-172.53152214494185,749.3331508311111,611.2467656694853,-0.751304016179197,2.496550675979711
solid_020001..30000,Multivariate Amzn Twttr,"VECM, lag=2",2,110.37704710720573,680.5580351393209,607.876161082766,0.3980822665751428,2.4717757143364225
solid_020001..30000,Univariate Amazon,"LINEAR, lag=2",2,561.5269868610403,791.3758386530717,651.1961212443357,2.244375071165454,2.619557208515017
solid_020001..30000,Univariate Amazon,"NNET, lag=2",2,-2.5063000489512888,653.391771478662,538.1247419270835,-0.053794663423520905,2.2033075814096073
solid_020001..30000,Multivariate Amzn Twttr,"VECM, lag=3",3,66.5986861603028,669.0041282379917,563.8205119151612,0.22043275489837838,2.299421590154875
solid_020001..30000,Univariate Amazon,"LINEAR, lag=3",3,658.6482385611157,845.5442590058922,683.5146996243998,2.642022626177785,2.746054093344965
solid_020001..30000,Univariate Amazon,"NNET, lag=3",3,-197.53312323235423,499.02325413323996,420.77415050610125,-0.8394427433384377,1.7291014745282447
solid_020001..30000,Multivariate Amzn Twttr,"VECM, lag=4",4,52.82758635921755,631.2433313135689,566.452960903714,0.16937974864230523,2.3076193844591737
solid_020001..30000,Univariate Amazon,"LINEAR, lag=4",4,720.07200326371,882.6349851563705,720.07200326371,2.893735529546726,2.893735529546726
solid_020001..30000,Univariate Amazon,"NNET, lag=4",4,140.0223943252804,406.0140008006715,344.1120736554212,0.5507315092217712,1.3933200956770806
solid_020001..30000,Multivariate Amzn Twttr,"VECM, lag=5",5,79.53089109679877,608.8176828045493,526.6918400659188,0.27879203678092856,2.1472101742258687
solid_020001..30000,Univariate Amazon,"LINEAR, lag=5",5,757.4212531175272,907.1719208819869,757.4212531175272,3.046743236441879,3.046743236441879
solid_020001..30000,Univariate Amazon,"NNET, lag=5",5,-166.44609321882353,470.7054956796919,384.79271150406794,-0.7084619058534807,1.5765792159477265
solid_030001..40000,Multivariate Amzn Twttr,"VECM, lag=1",1,-114.23003579155284,464.7141994737254,382.50406193724575,-0.34369223691222295,1.1103718926165562
solid_030001..40000,Univariate Amazon,"LINEAR, lag=1",1,-152.1467182676124,453.32226610814104,391.60632466798324,-0.45693051602345264,1.1412351599902897
solid_030001..40000,Univariate Amazon,"NNET, lag=1",1,-112.97942554631209,520.3988105533606,471.3112362787624,-0.34495971450482377,1.3723328434424955
solid_030001..40000,Multivariate Amzn Twttr,"VECM, lag=2",2,-25.332640081005593,510.48899650125867,358.3323541029058,-0.08881843401277345,1.0415156279290114
solid_030001..40000,Univariate Amazon,"LINEAR, lag=2",2,-203.1207975427351,536.8400309844359,482.7333857040503,-0.6078373345435442,1.4082053718056948
solid_030001..40000,Univariate Amazon,"NNET, lag=2",2,-218.93074741157943,498.4337527491526,406.94363806674664,-0.6520021660290314,1.188297967422132
solid_030001..40000,Multivariate Amzn Twttr,"VECM, lag=3",3,24.803865036356,409.6561921829026,301.5583466151056,0.05982866782547447,0.8744125833299143
solid_030001..40000,Univariate Amazon,"LINEAR, lag=3",3,-124.89702036866493,450.06992096224747,392.732298531565,-0.37834195372545815,1.1430680674050278
solid_030001..40000,Univariate Amazon,"NNET, lag=3",3,-387.8614801933254,728.1581651677176,599.8177881515148,-1.1435332563389131,1.7465212451818748
solid_030001..40000,Multivariate Amzn Twttr,"VECM, lag=4",4,93.71439167799599,510.321908606801,486.53744833247856,0.2616188611325587,1.4156934647568515
solid_030001..40000,Univariate Amazon,"LINEAR, lag=4",4,-122.51190208828848,425.81175537604327,372.63363036115516,-0.37056195271020853,1.0843682692602465
solid_030001..40000,Univariate Amazon,"NNET, lag=4",4,1120.4227786534261,1435.4207322672162,1120.4227786534261,3.2327885343971534,3.2327885343971534
solid_030001..40000,Multivariate Amzn Twttr,"VECM, lag=5",5,75.67342761393047,877.802979426834,769.0825865760435,0.20946927943670085,2.244914597273187
solid_030001..40000,Univariate Amazon,"LINEAR, lag=5",5,-161.19796989152746,462.35475397276514,400.8345988357469,-0.4841240621145106,1.1683172075747812
solid_030001..40000,Univariate Amazon,"NNET, lag=5",5,-158.18586911142575,437.53062898193696,358.75618849839066,-0.47362247979276123,1.0454056814029447
solid_300000+,Multivariate Amzn Twttr,"VECM, lag=1",1,17578.48449884195,266397.4122410108,184971.224318861,-0.8460796550933223,12.530726960150734
solid_300000+,Univariate Amazon,"LINEAR, lag=1",1,-4087.902086159389,245313.3355644881,185229.2116630869,-2.1042643390911078,12.560992275807763
solid_300000+,Univariate Amazon,"NNET, lag=1",1,76038.1060971602,239729.24841336586,179199.74780797504,3.239570165445284,11.965067455121504
solid_300000+,Multivariate Amzn Twttr,"VECM, lag=2",2,1950.0469568968401,285789.04381723196,203266.22115762305,-2.0040035584417772,13.797548370649217
solid_300000+,Univariate Amazon,"LINEAR, lag=2",2,-28718.947773203865,259434.36990813757,200459.75304472054,-3.7958838967529207,13.686555168601881
solid_300000+,Univariate Amazon,"NNET, lag=2",2,-82518.78730937271,354983.630947133,269522.25738119497,-7.878372010549672,18.705225458565437
solid_300000+,Multivariate Amzn Twttr,"VECM, lag=3",3,8064.697561990906,314294.31126491545,229039.05007336425,-1.8181545203412952,15.596014150546218
solid_300000+,Univariate Amazon,"LINEAR, lag=3",3,-47604.49354715328,246483.67168834596,192943.6704140885,-4.942149752504438,13.307676520351148
solid_300000+,Univariate Amazon,"NNET, lag=3",3,-363920.70459686697,623253.654103442,549627.9301762462,-27.26278040856875,37.9415620457596
solid_300000+,Multivariate Amzn Twttr,"VECM, lag=4",4,21558.79849297731,336161.9178193309,240510.9019923515,-1.0755044142910088,16.343953819493954
solid_300000+,Univariate Amazon,"LINEAR, lag=4",4,-65153.67721696009,245711.67866896198,193011.19374645376,-6.062965750557971,13.411722452840563
solid_300000+,Univariate Amazon,"NNET, lag=4",4,97081.81428846082,345243.16381852067,305178.13996325136,4.044165472869794,20.55529518017807
solid_300000+,Multivariate Amzn Twttr,"VECM, lag=5",5,11378.392864084832,352076.007708204,248427.4811813636,-1.8721375186393463,16.963739338333294
solid_300000+,Univariate Amazon,"LINEAR, lag=5",5,-80255.72810295972,243031.78532112818,190541.23236223994,-7.007664151342407,13.337815813906284
solid_300000+,Univariate Amazon,"NNET, lag=5",5,69526.41346469038,293192.0489159658,266402.14019760495,2.8607811973494517,17.342906407769917
steel_0..1000,Multivariate Amzn Twttr,"VECM, lag=1",1,55.28793809999671,86.10893228162881,58.31145218589492,12.674513758877119,13.923899744785471
steel_0..1000,Univariate Amazon,"LINEAR, lag=1",1,62.692571049034356,93.3079123083197,64.66777214078773,14.7187795347541,15.534978332999298
steel_0..1000,Univariate Amazon,"NNET, lag=1",1,48.96887797681969,104.67265143193883,77.59196840704189,7.802852134016467,19.294371687875646
steel_0..1000,Multivariate Amzn Twttr,"VECM, lag=2",2,53.478707298012765,83.72126931294304,56.76937350687059,12.346916727369322,13.706696152517186
steel_0..1000,Univariate Amazon,"LINEAR, lag=2",2,73.00738159487518,104.39430176750385,73.00738159487518,17.6388959361582,17.6388959361582
steel_0..1000,Univariate Amazon,"NNET, lag=2",2,28.8188366883334,102.01234560185733,78.80963346532775,1.4231928232655537,21.272058355757963
steel_0..1000,Multivariate Amzn Twttr,"VECM, lag=3",3,55.12986564979383,89.34302469295105,59.96370519423344,12.336696273110872,14.275110975451323
steel_0..1000,Univariate Amazon,"LINEAR, lag=3",3,90.4398133810493,120.96742695346221,90.4398133810493,22.431186115241278,22.431186115241278
steel_0..1000,Univariate Amazon,"NNET, lag=3",3,67.77930174942259,127.18737264631862,85.24971434963405,12.580619061431928,19.69092437877116
steel_0..1000,Multivariate Amzn Twttr,"VECM, lag=4",4,53.79814947795484,88.65034691052055,60.81173738858878,11.873289097714562,14.68617273670037
steel_0..1000,Univariate Amazon,"LINEAR, lag=4",4,99.72537716261078,131.25671318971888,99.72537716261078,24.96036030637189,24.96036030637189
steel_0..1000,Univariate Amazon,"NNET, lag=4",4,51.54576974473889,121.35796683204606,88.87535484818892,7.135462801234423,22.165213298779108
steel_0..1000,Multivariate Amzn Twttr,"VECM, lag=5",5,47.880924471259206,86.98189717847775,62.089599321754626,9.765763517580158,15.456743561787146
steel_0..1000,Univariate Amazon,"LINEAR, lag=5",5,109.31920404336023,141.54320282125164,109.31920404336023,27.55989828789232,27.55989828789232
steel_0..1000,Univariate Amazon,"NNET, lag=5",5,63.84083207393374,136.83362702497254,91.48932375339527,10.533553064677626,21.621617828229297
tape_0..1000,Multivariate Amzn Twttr,"VECM, lag=1",1,26.089160732076927,196.18992488720363,166.73117312752765,-5.07031624434822,36.44421976910671
tape_0..1000,Univariate Amazon,"LINEAR, lag=1",1,68.58889536151858,190.25434760296372,163.38345928257127,5.3976806859404025,33.20587425528683
tape_0..1000,Univariate Amazon,"NNET, lag=1",1,45.25887532882662,162.85039264277984,140.21590250611487,1.791608125434072,29.717689098495654
tape_0..1000,Multivariate Amzn Twttr,"VECM, lag=2",2,28.69465036534441,197.33773071867412,174.7310242119877,-4.67298088225237,38.050738173984016
tape_0..1000,Univariate Amazon,"LINEAR, lag=2",2,89.92519490868975,174.25229192277794,133.8394981745086,11.804184922671261,24.83326413196446
tape_0..1000,Univariate Amazon,"NNET, lag=2",2,108.77323547811449,184.4302994135477,130.20756752172724,16.47684872869428,22.996892873845738
tape_0..1000,Multivariate Amzn Twttr,"VECM, lag=3",3,32.52044904285393,183.70549408725708,160.54383241838056,-2.8230402588610826,34.710514287111025
tape_0..1000,Univariate Amazon,"LINEAR, lag=3",3,94.81739396367507,176.1357465617875,134.3120100709661,12.950766875364955,24.687038822135882
tape_0..1000,Univariate Amazon,"NNET, lag=3",3,119.82179962237642,227.16216930482662,189.45390956521618,17.5285627293013,37.774599907754634
tape_0..1000,Multivariate Amzn Twttr,"VECM, lag=4",4,29.977849302001978,185.35075882241367,168.86367075885386,-3.739154507972149,36.57859819010062
tape_0..1000,Univariate Amazon,"LINEAR, lag=4",4,99.65588697172315,178.28656384073273,134.94727611220694,14.074399875073365,24.57439446036635
tape_0..1000,Univariate Amazon,"NNET, lag=4",4,119.60722110255864,253.20907779877314,179.23141563485683,16.101737915423968,34.01583756456488
tape_0..1000,Multivariate Amzn Twttr,"VECM, lag=5",5,25.37524003051388,185.19946114866906,169.59157193195364,-4.894387405679975,37.01417221408657
tape_0..1000,Univariate Amazon,"LINEAR, lag=5",5,103.2174757309308,178.38502798216905,132.17003243891102,15.057211581014986,23.70431845710211
tape_0..1000,Univariate Amazon,"NNET, lag=5",5,108.21205621981477,202.7569921855387,158.86389623898526,15.022813698266493,29.71701130170041
tape_001001..5000,Multivariate Amzn Twttr,"VECM, lag=1",1,68.32718960531707,977.8085770683266,719.6892229904047,-7.717496436224764,33.7538899162164
tape_001001..5000,Univariate Amazon,"LINEAR, lag=1",1,114.57351025537116,953.5751670349131,703.0858983194021,-5.92639704105995,32.38028231071741
tape_001001..5000,Univariate Amazon,"NNET, lag=1",1,-157.7567114246493,1030.7689612201339,782.2749257063404,-15.289301174116577,35.4731799974549
tape_001001..5000,Multivariate Amzn Twttr,"VECM, lag=2",2,94.50466064447352,1015.5010630586662,751.0426116670119,-7.1381412516239955,34.94932447820641
tape_001001..5000,Univariate Amazon,"LINEAR, lag=2",2,145.02545789641889,905.3554313542836,669.5802564094926,-4.5399959301647055,30.35673717733661
tape_001001..5000,Univariate Amazon,"NNET, lag=2",2,270.70646468937053,1494.9856143186942,1167.7996335475978,-2.143024885664559,46.771038171638736
tape_001001..5000,Multivariate Amzn Twttr,"VECM, lag=3",3,83.24323366059082,1047.7945939026663,790.7075121468263,-7.260158154318139,36.20360077435596
tape_001001..5000,Univariate Amazon,"LINEAR, lag=3",3,165.65961995938045,862.758176692875,651.5339118402255,-3.6220432339880126,28.726444907213388
tape_001001..5000,Univariate Amazon,"NNET, lag=3",3,85.3039701845617,946.2337580472147,769.9924957900434,-5.159059137713914,34.444306543981206
tape_001001..5000,Multivariate Amzn Twttr,"VECM, lag=4",4,84.05527673898337,1098.1340482352718,859.7521715787226,-7.39801804204507,38.248208192167866
tape_001001..5000,Univariate Amazon,"LINEAR, lag=4",4,180.7031659127652,832.4474967501038,634.8972153605575,-2.9207083303191705,27.318575920532513
tape_001001..5000,Univariate Amazon,"NNET, lag=4",4,285.1779689992592,1080.0608160762065,898.9808641022231,3.0125248522494417,39.67588494812474
tape_001001..5000,Multivariate Amzn Twttr,"VECM, lag=5",5,47.603802914303685,1134.623461912393,884.3776477069237,-8.403658576107112,38.9959927065008
tape_001001..5000,Univariate Amazon,"LINEAR, lag=5",5,193.012088070265,812.9211499952985,621.5416218763595,-2.349373644079936,26.181221149934345
tape_001001..5000,Univariate Amazon,"NNET, lag=5",5,-70.89339729442128,1000.6431821003993,854.5187199106385,-11.12303006144104,36.11881398219603
tape_005001..10000,Multivariate Amzn Twttr,"VECM, lag=1",1,-61.35835591209502,660.3866300734461,582.2339104295702,-1.294640644645103,7.77802912356724
tape_005001..10000,Univariate Amazon,"LINEAR, lag=1",1,379.0639166120766,772.9437287624303,658.073278570022,4.4387866997101675,8.426994441481437
tape_005001..10000,Univariate Amazon,"NNET, lag=1",1,-357.92563032447094,1673.8121888210303,1280.1218945437763,-5.4313471114032215,16.80669643503282
tape_005001..10000,Multivariate Amzn Twttr,"VECM, lag=2",2,-14.516325476786392,534.2146392606603,411.307360281441,-0.5596819068432026,5.517798465048992
tape_005001..10000,Univariate Amazon,"LINEAR, lag=2",2,479.20701309984906,812.0197732455805,691.8344851746463,5.78078108622311,8.830119740958143
tape_005001..10000,Univariate Amazon,"NNET, lag=2",2,410.9369800940183,1150.937382206153,1068.7014241298994,4.6284771900716795,13.984732525662261
tape_005001..10000,Multivariate Amzn Twttr,"VECM, lag=3",3,179.56343198632726,881.5170273991491,768.7520185076057,1.762879507155357,10.186489502935071
tape_005001..10000,Univariate Amazon,"LINEAR, lag=3",3,601.6053648178805,777.3153887511135,613.4665015332508,7.528680313403725,7.699713286949079
tape_005001..10000,Univariate Amazon,"NNET, lag=3",3,349.74982834587684,611.1639096036083,533.5772538262494,4.357351316638587,6.986629839752675
tape_005001..10000,Multivariate Amzn Twttr,"VECM, lag=4",4,224.2050846534636,721.5042172101546,628.8963011198031,2.4492653505212947,8.218160606702524
tape_005001..10000,Univariate Amazon,"LINEAR, lag=4",4,561.380274638069,749.0436248717987,588.3362812618153,6.988732118031144,7.377216056806452
tape_005001..10000,Univariate Amazon,"NNET, lag=4",4,381.08992376630863,700.0794096854972,541.745085391346,4.794411786261017,7.0576128451306674
tape_005001..10000,Multivariate Amzn Twttr,"VECM, lag=5",5,-12.547759044617123,971.589151584106,856.683385266447,-0.7473009126472157,11.513419967843461
tape_005001..10000,Univariate Amazon,"LINEAR, lag=5",5,555.9837118030157,737.8455141254527,583.2383818371657,6.927964021317024,7.320965752162733
tape_005001..10000,Univariate Amazon,"NNET, lag=5",5,837.7619341774147,1195.4510461694015,1109.4848450778686,10.427365167471635,14.314674336290722
vintage_001001..5000,Multivariate Amzn Twttr,"VECM, lag=1",1,14.318201405180275,169.1094759386425,138.32969106677137,0.2480183051379118,5.997267741006336
vintage_001001..5000,Univariate Amazon,"LINEAR, lag=1",1,-74.12750572562891,186.5115908482877,171.80008488886995,-3.6234709604753013,7.59210054141524
vintage_001001..5000,Univariate Amazon,"NNET, lag=1",1,-98.80721366215397,165.82999132601302,135.99009799569507,-4.635109537145702,6.13975459765858
vintage_001001..5000,Multivariate Amzn Twttr,"VECM, lag=2",2,23.821776166957306,172.35353558320733,143.43395320103468,0.6629863474629176,6.157376335323038
vintage_001001..5000,Univariate Amazon,"LINEAR, lag=2",2,-111.12850086119323,190.2555041532295,161.16260822029386,-5.213745533907586,7.240196669025574
vintage_001001..5000,Univariate Amazon,"NNET, lag=2",2,-67.0315123692962,194.1828312319954,158.54111105780106,-3.3120202026046903,6.964526504614504
vintage_001001..5000,Multivariate Amzn Twttr,"VECM, lag=3",3,25.54068243790823,166.10181832256643,134.13357482442757,0.7427124789506179,5.762957593121902
vintage_001001..5000,Univariate Amazon,"LINEAR, lag=3",3,-134.70022138975025,208.55907224310465,176.6511783579158,-6.247973638950444,7.936909011857243
vintage_001001..5000,Univariate Amazon,"NNET, lag=3",3,-60.66686125637807,192.55165193262246,182.7515833244371,-2.9976855030982463,7.995911230416125
vintage_001001..5000,Multivariate Amzn Twttr,"VECM, lag=4",4,4.960877371928518,166.9767994795319,143.0764361919912,-0.16336131750443772,6.182374704257509
vintage_001001..5000,Univariate Amazon,"LINEAR, lag=4",4,-164.81719873237228,226.6451320031902,187.94784896778685,-7.55839586521711,8.477738084430726
vintage_001001..5000,Univariate Amazon,"NNET, lag=4",4,-6.074636306557181,174.79277336469136,142.3602642605864,-0.5539219021166084,6.2208680317335245
vintage_001001..5000,Multivariate Amzn Twttr,"VECM, lag=5",5,0.7159177798953351,166.077455239421,158.00075897780675,-0.32924728323187136,6.847501379951668
vintage_001001..5000,Univariate Amazon,"LINEAR, lag=5",5,-190.60395856722732,243.0382902594157,204.01789586707253,-8.676792631076754,9.209937992755815
vintage_001001..5000,Univariate Amazon,"NNET, lag=5",5,6.557931475910834,148.788681437361,132.9907872363096,-0.07248718669578047,5.7968853208929545
vintage_005001..10000,Multivariate Amzn Twttr,"VECM, lag=1",1,224.01954669783345,555.5336377072236,451.1219348084046,2.6572081848200892,6.0722367299795055
vintage_005001..10000,Univariate Amazon,"LINEAR, lag=1",1,-84.16602778481365,476.01887201350087,446.48946497374004,-1.5759943597631305,6.1679350384632015
vintage_005001..10000,Univariate Amazon,"NNET, lag=1",1,-110.95852199663977,502.85621808596414,459.8430436264466,-1.9662374071598592,6.36679836994529
vintage_005001..10000,Multivariate Amzn Twttr,"VECM, lag=2",2,243.38632401471318,500.9428781989167,401.38134766855273,3.0001934529270127,5.377332087937357
vintage_005001..10000,Univariate Amazon,"LINEAR, lag=2",2,-50.92038428247213,505.7819723036206,453.98593928483876,-1.1437885456834702,6.233924826450398
vintage_005001..10000,Univariate Amazon,"NNET, lag=2",2,-25.989035544220542,511.41543515611966,428.69528553961504,-0.7767726963480812,5.880075020737858
vintage_005001..10000,Multivariate Amzn Twttr,"VECM, lag=3",3,256.14832164090524,480.9902844945294,379.31810596635285,3.189427529370695,5.049717279037628
vintage_005001..10000,Univariate Amazon,"LINEAR, lag=3",3,-62.28366586115726,504.3411882133766,452.7549932070949,-1.3057084650138844,6.248212325082862
vintage_005001..10000,Univariate Amazon,"NNET, lag=3",3,104.2343520038761,516.9415919098786,452.3546593634975,0.9812594256457672,6.101770876249395
vintage_005001..10000,Multivariate Amzn Twttr,"VECM, lag=4",4,256.84113324304917,501.1421836221368,389.4828885043232,3.177557741151363,5.175977515088177
vintage_005001..10000,Univariate Amazon,"LINEAR, lag=4",4,-108.17791173341948,499.8788058734057,470.06917005737523,-1.9305644580779393,6.507553802973481
vintage_005001..10000,Univariate Amazon,"NNET, lag=4",4,-102.35876611159858,527.4475340972356,498.27012259104424,-1.8733603694813357,6.890245038697819
vintage_005001..10000,Multivariate Amzn Twttr,"VECM, lag=5",5,264.01833944123973,535.685752416822,433.569130691051,3.2485532121032,5.782300975696545
vintage_005001..10000,Univariate Amazon,"LINEAR, lag=5",5,-99.49439689296571,503.55238074558014,471.50457042457367,-1.815390086162997,6.514907991419646
vintage_005001..10000,Univariate Amazon,"NNET, lag=5",5,56.800282294822864,616.8657220913478,537.8133931341881,0.24312713378305872,7.285953787968282
vintage_300000+,Multivariate Amzn Twttr,"VECM, lag=1",1,137045.23015396562,550445.2298208529,478780.0602018733,2.655931557956606,24.289699495542763
vintage_300000+,Univariate Amazon,"LINEAR, lag=1",1,151741.37466481677,539632.7142964081,463333.1155221297,3.600181502687846,23.286579041092182
vintage_300000+,Univariate Amazon,"NNET, lag=1",1,81570.31685999964,590400.897805109,520778.3360628609,-1.4384014231839393,27.486606856349518
vintage_300000+,Multivariate Amzn Twttr,"VECM, lag=2",2,161025.70347732457,550993.7368417408,474161.22022186464,4.082938344595834,23.81693850214692
vintage_300000+,Univariate Amazon,"LINEAR, lag=2",2,152759.93653122633,498111.85475144116,419480.2857870978,4.401722258657709,20.852237302965996
vintage_300000+,Univariate Amazon,"NNET, lag=2",2,-133684.81146320753,616049.2791436729,522996.04362717154,-12.129023094858471,28.072627424077467
vintage_300000+,Multivariate Amzn Twttr,"VECM, lag=3",3,191104.6246604228,600089.0287427434,509221.1017828728,5.49202748377596,25.390632317184675
vintage_300000+,Univariate Amazon,"LINEAR, lag=3",3,231316.1264418479,526305.5108084062,427372.0049092303,8.316929284136775,20.649133049590368
vintage_300000+,Univariate Amazon,"NNET, lag=3",3,125707.09778001683,436408.91810112086,355693.1157102457,2.427999058707151,18.206906280983183
vintage_300000+,Multivariate Amzn Twttr,"VECM, lag=4",4,245350.07949084262,654284.091052109,522435.75903857837,7.981126757658723,25.567226367970967
vintage_300000+,Univariate Amazon,"LINEAR, lag=4",4,252568.42287601563,515300.6716397958,407030.2014133221,9.745498977167331,19.353994156521644
vintage_300000+,Univariate Amazon,"NNET, lag=4",4,154213.15841169082,432330.02480404667,339579.64414407196,4.191993948567717,16.99064404677801
vintage_300000+,Multivariate Amzn Twttr,"VECM, lag=5",5,239725.2727433686,659281.205957822,532325.037974253,7.5297277839442724,26.15135325631433
vintage_300000+,Univariate Amazon,"LINEAR, lag=5",5,295799.6687665874,536153.1772517642,405859.13385752763,11.99369956018533,18.938149654083613
vintage_300000+,Univariate Amazon,"NNET, lag=5",5,304940.7985112007,515446.12032930943,447440.3598256662,13.862188264627308,24.20932569653496
white_0..1000,Multivariate Amzn Twttr,"VECM, lag=1",1,15.568895612747568,38.5040187151255,29.166564865489747,3.1371475970928158,6.581742155639871
white_0..1000,Univariate Amazon,"LINEAR, lag=1",1,12.243713169641872,38.971362289714506,26.25602728713921,2.2362745328497775,5.847156070105292
white_0..1000,Univariate Amazon,"NNET, lag=1",1,38.49913924142818,56.56592298730069,43.17474188677487,8.182289075543267,9.449390063442097
white_0..1000,Multivariate Amzn Twttr,"VECM, lag=2",2,10.906330509256243,42.610185695204486,36.41100750281823,1.9356737914859679,8.474083385263626
white_0..1000,Univariate Amazon,"LINEAR, lag=2",2,9.78643477153259,39.48623790030812,27.5303823868775,1.6188781931702896,6.142565185333909
white_0..1000,Univariate Amazon,"NNET, lag=2",2,-2.639715909436255,120.17811840304316,76.99469175852936,-1.0318871962743814,17.1582906292739
white_0..1000,Multivariate Amzn Twttr,"VECM, lag=3",3,10.407324319832128,40.62259194206479,36.3322717435846,1.8471844792099543,8.513567305616453
white_0..1000,Univariate Amazon,"LINEAR, lag=3",3,8.32097448370007,39.62548260295808,27.332208156472333,1.2125901555705338,6.123630783420057
white_0..1000,Univariate Amazon,"NNET, lag=3",3,18.21231198129464,100.87698398766867,74.09952716484511,4.000134756876907,16.759838054874137
white_0..1000,Multivariate Amzn Twttr,"VECM, lag=4",4,12.745259892575092,46.60486377691262,41.07744661801614,2.250936656543463,9.644820953365013
white_0..1000,Univariate Amazon,"LINEAR, lag=4",4,7.5133817581032005,40.03600875035855,28.231397522596218,0.9705732766760802,6.354348422511715
white_0..1000,Univariate Amazon,"NNET, lag=4",4,-38.19005199292893,54.51033430919465,49.62731150178773,-9.403477109793018,11.99626457386489
white_0..1000,Multivariate Amzn Twttr,"VECM, lag=5",5,8.599211220618507,44.6354948528597,41.58749866899792,1.3498038846821068,9.774781016797803
white_0..1000,Univariate Amazon,"LINEAR, lag=5",5,7.134991464379944,40.65445747474836,29.704261083534583,0.83678558352327,6.710161827337663
white_0..1000,Univariate Amazon,"NNET, lag=5",5,-44.73650375114868,74.4811557554057,62.112378959929394,-10.355633664391526,14.457390260571382
white_001001..5000,Multivariate Amzn Twttr,"VECM, lag=1",1,45.816876610551674,200.73780288088565,162.35687569429564,1.843876688782561,7.200911365277426
white_001001..5000,Univariate Amazon,"LINEAR, lag=1",1,-234.41045385830893,272.72854702408307,253.24367319421032,-10.802567099895663,11.56721262713486
white_001001..5000,Univariate Amazon,"NNET, lag=1",1,-139.6564073027659,184.12855100142093,168.73845711355915,-6.502944770425895,7.683701969402478
white_001001..5000,Multivariate Amzn Twttr,"VECM, lag=2",2,14.35159518079871,208.20882570413673,159.23253001919278,0.5070707038886337,7.146240421579108
white_001001..5000,Univariate Amazon,"LINEAR, lag=2",2,-339.6846806457243,358.9721373915482,339.6846806457243,-15.503640234024902,15.503640234024902
white_001001..5000,Univariate Amazon,"NNET, lag=2",2,47.49524350982978,137.44663577759934,98.4420689652307,1.8702066811636977,4.299089388894194
white_001001..5000,Multivariate Amzn Twttr,"VECM, lag=3",3,-23.395470130256683,296.04488170389953,270.4350129191958,-1.0794318622106769,12.165797268336185
white_001001..5000,Univariate Amazon,"LINEAR, lag=3",3,-371.2783355603809,385.37688343017373,371.2783355603809,-16.90570943970021,16.90570943970021
white_001001..5000,Univariate Amazon,"NNET, lag=3",3,30.166682787271526,215.31118789340675,201.22533106412928,1.0277046096825846,9.066809950663904
white_001001..5000,Multivariate Amzn Twttr,"VECM, lag=4",4,-63.775841802479704,375.60315518847125,331.107654747182,-2.837152723388806,15.012410625703538
white_001001..5000,Univariate Amazon,"LINEAR, lag=4",4,-345.3633795026114,360.4914189865995,345.3633795026114,-15.741368094698004,15.741368094698004
white_001001..5000,Univariate Amazon,"NNET, lag=4",4,-154.1255007032678,438.20181250953055,288.70522136871887,-7.1005593774849665,13.157796930241393
white_001001..5000,Multivariate Amzn Twttr,"VECM, lag=5",5,-101.34951493682553,347.7255859348341,298.6834356103838,-4.539844745857643,13.60437692032562
white_001001..5000,Univariate Amazon,"LINEAR, lag=5",5,-320.5995239576413,337.5008487456105,320.5995239576413,-14.633655707506955,14.633655707506955
white_001001..5000,Univariate Amazon,"NNET, lag=5",5,90.54743460012122,137.0613260409937,128.5341938142629,3.9276068767475905,5.739952259101678
white_005001..10000,Multivariate Amzn Twttr,"VECM, lag=1",1,46.56458491327476,364.1947268801975,317.8034151452182,0.5019854220346847,4.469719528946058
white_005001..10000,Univariate Amazon,"LINEAR, lag=1",1,-188.98060261617172,365.80923502565975,280.6307346804484,-2.841771656824188,4.0560023413005615
white_005001..10000,Univariate Amazon,"NNET, lag=1",1,55.67179762670219,262.1674861461872,223.89046503405086,0.6765161008685725,3.1629492937689037
white_005001..10000,Multivariate Amzn Twttr,"VECM, lag=2",2,17.159315247610834,370.4879771350506,289.7827475498249,0.0788509585525351,4.056482101998883
white_005001..10000,Univariate Amazon,"LINEAR, lag=2",2,-123.0147834235463,308.8611955932536,258.65563584917095,-1.8975327487079219,3.7165492482621314
white_005001..10000,Univariate Amazon,"NNET, lag=2",2,-150.44295837582933,312.78972391893643,250.2063569439564,-2.2812135400568314,3.6097520567753945
white_005001..10000,Multivariate Amzn Twttr,"VECM, lag=3",3,21.94855842642596,342.6685303411591,257.9416826772708,0.15365021528885037,3.6086916195443295
white_005001..10000,Univariate Amazon,"LINEAR, lag=3",3,-118.33874932538515,296.6814143972757,248.25325862821455,-1.8250685950821905,3.5678314228572665
white_005001..10000,Univariate Amazon,"NNET, lag=3",3,-89.5415658975985,294.6709128121635,244.8937317315074,-1.4215593844089214,3.5080764227190846
white_005001..10000,Multivariate Amzn Twttr,"VECM, lag=4",4,52.74139714096316,369.07710039947943,274.79581480596687,0.5568621548555215,3.874392380848288
white_005001..10000,Univariate Amazon,"LINEAR, lag=4",4,-130.88828244125727,307.88327701166855,252.25850310581257,-2.006733901008399,3.630870011352349
white_005001..10000,Univariate Amazon,"NNET, lag=4",4,-74.36741833654912,356.2711438978944,288.88409566552025,-1.2028394340644888,4.178551310018131
white_005001..10000,Multivariate Amzn Twttr,"VECM, lag=5",5,37.309903457093355,376.2923604108,318.60163590190825,0.3329081532674534,4.493089260655239
white_005001..10000,Univariate Amazon,"LINEAR, lag=5",5,-126.59748101796333,305.2217420511927,252.37730333204001,-1.945424843030737,3.6302672619913308
white_005001..10000,Univariate Amazon,"NNET, lag=5",5,-226.67893854952115,364.463539527866,294.07283685373693,-3.3682322133914933,4.261103150119313
white_010001..20000,Multivariate Amzn Twttr,"VECM, lag=1",1,322.2068907591979,1024.9649983597465,869.5313115364802,2.000779605530554,5.991774923141126
white_010001..20000,Univariate Amazon,"LINEAR, lag=1",1,-405.00311483739915,800.8023140365163,657.7734085268689,-3.0393906426649973,4.690643750147614
white_010001..20000,Univariate Amazon,"NNET, lag=1",1,-350.5426512361016,938.4613743033992,795.6897491828538,-2.711130250416507,5.621788023371899
white_010001..20000,Multivariate Amzn Twttr,"VECM, lag=2",2,235.03922026199643,969.8025173162085,810.4492152715825,1.389445394322172,5.596745522414516
white_010001..20000,Univariate Amazon,"LINEAR, lag=2",2,-513.597564421304,818.0681488799237,671.9022406090858,-3.791980461678228,4.80844813978136
white_010001..20000,Univariate Amazon,"NNET, lag=2",2,-363.09649774898935,773.7902807332893,601.7219281419275,-2.7596971885612267,4.293081569061767
white_010001..20000,Multivariate Amzn Twttr,"VECM, lag=3",3,396.0684051912567,978.6935836317424,692.6936911581888,2.5249322570861326,4.747984351923269
white_010001..20000,Univariate Amazon,"LINEAR, lag=3",3,-586.5513971969051,876.5093413555228,741.4783717108019,-4.311746909675152,5.306526507170316
white_010001..20000,Univariate Amazon,"NNET, lag=3",3,-691.2885351696002,948.246785195288,834.2100050941897,-5.042650988868953,5.9603437455441135
white_010001..20000,Multivariate Amzn Twttr,"VECM, lag=4",4,381.791617035675,994.0777134239657,748.0223026700676,2.4126321294233652,5.139883902892933
white_010001..20000,Univariate Amazon,"LINEAR, lag=4",4,-600.7624204778301,886.1283074216665,753.717616940896,-4.411566667040971,5.393685560472754
white_010001..20000,Univariate Amazon,"NNET, lag=4",4,-1195.637377686038,1350.1484908157106,1195.637377686038,-8.546489415756344,8.546489415756344
white_010001..20000,Multivariate Amzn Twttr,"VECM, lag=5",5,252.2575018650698,906.4605404929441,661.5849003652204,1.5119468256731614,4.5874472909594886
white_010001..20000,Univariate Amazon,"LINEAR, lag=5",5,-606.8844453780057,893.2656925032645,760.7318725728692,-4.455809150098176,5.443657019591328
white_010001..20000,Univariate Amazon,"NNET, lag=5",5,-795.1209979509981,1051.0243196041304,930.5829372505968,-5.767203746483238,6.6369991702638895
white_020001..30000,Multivariate Amzn Twttr,"VECM, lag=1",1,-72.5806141529647,980.9428427290945,917.0025765631799,-0.3834693225501424,3.7448588706811443
white_020001..30000,Univariate Amazon,"LINEAR, lag=1",1,548.4919389975821,901.3387879686688,764.8518945380147,2.1603899954664008,3.068951039928595
white_020001..30000,Univariate Amazon,"NNET, lag=1",1,338.14657595396966,721.3567073548078,651.6525574080069,1.3073287644910339,2.622553115037806
white_020001..30000,Multivariate Amzn Twttr,"VECM, lag=2",2,-6.219825496529211,816.5135667188254,711.5074517951475,-0.10447742122986448,2.903242714744022
white_020001..30000,Univariate Amazon,"LINEAR, lag=2",2,773.6786736407657,1033.960937264751,821.0499462959679,3.075357103717388,3.2743285092619043
white_020001..30000,Univariate Amazon,"NNET, lag=2",2,295.8173593562351,708.5236738373115,645.970864149037,1.1347085492560236,2.603457942185515
white_020001..30000,Multivariate Amzn Twttr,"VECM, lag=3",3,-67.35052874277017,885.7422890552599,745.4729567388899,-0.35520607901535517,3.0440265420773702
white_020001..30000,Univariate Amazon,"LINEAR, lag=3",3,853.2142509066011,1093.5010818140172,880.5255070660319,3.4000754815787717,3.514817268469343
white_020001..30000,Univariate Amazon,"NNET, lag=3",3,383.2907272804496,756.9654566981502,656.5139754208731,1.4897960214744104,2.636053952763665
white_020001..30000,Multivariate Amzn Twttr,"VECM, lag=4",4,-108.19184343126972,963.29280225415,869.4593397717476,-0.5342337505453667,3.5561047520370375
white_020001..30000,Univariate Amazon,"LINEAR, lag=4",4,991.4828438696954,1186.4750022722615,991.4828438696954,3.964458449554015,3.964458449554015
white_020001..30000,Univariate Amazon,"NNET, lag=4",4,-15.03355072653494,639.5606176248358,552.8326505053724,-0.12838008253453076,2.25417612385751
white_020001..30000,Multivariate Amzn Twttr,"VECM, lag=5",5,-129.87414973664136,825.5669500563276,704.7104098300829,-0.6114333568516916,2.8876436056358137
white_020001..30000,Univariate Amazon,"LINEAR, lag=5",5,1082.3323231771783,1256.4593739880982,1082.3323231771783,4.334508789049384,4.334508789049384
white_020001..30000,Univariate Amazon,"NNET, lag=5",5,-44.47742295530679,681.1065209634685,609.2695055682098,-0.25019371035282223,2.483727355015068
white_300000+,Multivariate Amzn Twttr,"VECM, lag=1",1,127281.10686394008,209461.59437266193,183530.71016924962,7.978922938822878,12.43772926980499
white_300000+,Univariate Amazon,"LINEAR, lag=1",1,-115442.30064387745,161535.13058052643,124987.36190698334,-8.486497053073824,9.067450264461888
white_300000+,Univariate Amazon,"NNET, lag=1",1,-56914.66050147603,153566.7294008089,123208.70457271108,-4.4768330484912084,8.83819391675572
white_300000+,Multivariate Amzn Twttr,"VECM, lag=2",2,102563.53925655643,224985.58761882965,177145.59624044946,6.311630438219073,11.759898042155019
white_300000+,Univariate Amazon,"LINEAR, lag=2",2,-179237.98817577522,211017.75628206943,179237.98817577522,-12.917095230545263,12.917095230545263
white_300000+,Univariate Amazon,"NNET, lag=2",2,-279596.90855217125,347793.87041375367,301224.51712381776,-18.878468090007726,20.419505221612205
white_300000+,Multivariate Amzn Twttr,"VECM, lag=3",3,89848.39476910699,208410.20854072872,152978.15534084447,5.383962067186976,10.26525302421008
white_300000+,Univariate Amazon,"LINEAR, lag=3",3,-220344.78774084465,248939.44971690918,220344.78774084465,-15.783494020069522,15.783494020069522
white_300000+,Univariate Amazon,"NNET, lag=3",3,-102046.74351438481,234783.64423011368,180434.8423183397,-7.590843800266856,12.484350996894143
white_300000+,Multivariate Amzn Twttr,"VECM, lag=4",4,45202.82788886785,222118.2448638832,169984.36223204862,1.9333434685579083,11.769365139116452
white_300000+,Univariate Amazon,"LINEAR, lag=4",4,-247926.37619065368,274774.1221664093,247926.37619065368,-17.698537145960515,17.698537145960515
white_300000+,Univariate Amazon,"NNET, lag=4",4,-202512.4554054652,276238.56100450864,219728.6102778531,-14.232161550140631,15.280010294656023
white_300000+,Multivariate Amzn Twttr,"VECM, lag=5",5,50734.302569305175,212064.71519537925,157562.46092092508,2.4085463752504968,10.82372234579142
white_300000+,Univariate Amazon,"LINEAR, lag=5",5,-264418.49086662557,290596.1204956566,264418.49086662557,-18.84348447094198,18.84348447094198
white_300000+,Univariate Amazon,"NNET, lag=5",5,-249626.59467769176,282350.76330408145,249626.59467769176,-17.863112467322004,17.863112467322004
